timeStamp,elapsed,label,responseCode,responseMessage,threadName,dataType,success,failureMessage,bytes,sentBytes,grpThreads,allThreads,URL,Latency,IdleTime,Connect
1705450171005,1231,createRepoRequest_tere123,201,Created,GitLabJmeter 1-1,text,true,,5806,269,1,1,https://gitlab.com/api/v4/projects,1230,0,395
1705450172273,956,addFileToRepoRequest_tere123,201,Created,GitLabJmeter 1-1,text,true,,1399,349,1,1,https://gitlab.com/api/v4/projects/53934459/repository/files/test.py,956,0,0
1705450173231,1021,addNewBranch_tere123,201,Created,GitLabJmeter 1-1,text,true,,2132,305,1,1,https://gitlab.com/api/v4/projects/53934459/repository/branches?branch=ttest&ref=main,1021,0,0
1705450174254,232,deleteRepo_tere123,202,Accepted,GitLabJmeter 1-1,text,true,,1177,265,1,1,https://gitlab.com/api/v4/projects/53934459,232,0,0
1705450175114,304,createRepoRequest_tere1234,400,Bad Request,GitLabJmeter 1-1,text,false,,1431,270,1,1,https://gitlab.com/api/v4/projects,304,0,0
1705450175993,343,addFileToRepoRequest_tere1234,404,Not Found,GitLabJmeter 1-1,text,false,,1183,334,1,1,https://gitlab.com/api/v4/projects/idNoFound/repository/files/rest.html,343,0,0
1705450176337,195,addNewBranch_tere1234,404,Not Found,GitLabJmeter 1-1,text,false,,1185,306,1,1,https://gitlab.com/api/v4/projects/idNoFound/repository/branches?branch=ttest&ref=main,195,0,0
1705450176533,241,deleteRepo_tere1234,404,Not Found,GitLabJmeter 1-1,text,false,,1326,266,1,1,https://gitlab.com/api/v4/projects/idNoFound,241,0,0
1705450177304,752,createRepoRequest_tere12345,201,Created,GitLabJmeter 1-1,text,true,,5834,271,1,1,https://gitlab.com/api/v4/projects,751,0,0
1705450178058,834,addFileToRepoRequest_tere12345,201,Created,GitLabJmeter 1-1,text,true,,1258,338,1,1,https://gitlab.com/api/v4/projects/53934461/repository/files/hikolos.txt,833,0,0
1705450178892,582,addNewBranch_tere12345,201,Created,GitLabJmeter 1-1,text,true,,1991,305,1,1,https://gitlab.com/api/v4/projects/53934461/repository/branches?branch=ttest&ref=main,581,0,0
1705450179475,239,deleteRepo_tere12345,202,Accepted,GitLabJmeter 1-1,text,true,,1183,265,1,1,https://gitlab.com/api/v4/projects/53934461,239,0,0
1705450179715,893,createRepoRequest_tere123456,201,Created,GitLabJmeter 1-1,text,true,,5839,272,1,1,https://gitlab.com/api/v4/projects,892,0,0
1705450180609,938,addFileToRepoRequest_tere123456,201,Created,GitLabJmeter 1-1,text,true,,1398,334,1,1,https://gitlab.com/api/v4/projects/53934462/repository/files/bike.bat,938,0,0
1705450181548,720,addNewBranch_tere123456,201,Created,GitLabJmeter 1-1,text,true,,1991,305,1,1,https://gitlab.com/api/v4/projects/53934462/repository/branches?branch=ttest&ref=main,719,0,0
1705450182269,303,deleteRepo_tere123456,202,Accepted,GitLabJmeter 1-1,text,true,,1171,265,1,1,https://gitlab.com/api/v4/projects/53934462,303,0,0
1705450182573,847,createRepoRequest_tere1234567,201,Created,GitLabJmeter 1-1,text,true,,5991,273,1,1,https://gitlab.com/api/v4/projects,846,0,0
1705450183421,795,addFileToRepoRequest_tere1234567,201,Created,GitLabJmeter 1-1,text,true,,1254,333,1,1,https://gitlab.com/api/v4/projects/53934464/repository/files/vikeb.c,794,0,0
1705450184216,607,addNewBranch_tere1234567,201,Created,GitLabJmeter 1-1,text,true,,2146,305,1,1,https://gitlab.com/api/v4/projects/53934464/repository/branches?branch=ttest&ref=main,606,0,0
1705450184823,498,deleteRepo_tere1234567,202,Accepted,GitLabJmeter 1-1,text,true,,1323,265,1,1,https://gitlab.com/api/v4/projects/53934464,498,0,0
1705450185323,711,createRepoRequest_tere12345678,201,Created,GitLabJmeter 1-1,text,true,,6009,274,1,1,https://gitlab.com/api/v4/projects,711,0,0
1705450186036,1085,addFileToRepoRequest_tere12345678,201,Created,GitLabJmeter 1-1,text,true,,1415,340,1,1,https://gitlab.com/api/v4/projects/53934465/repository/files/vikeeeeeeeeb.c,1085,0,0
1705450187123,618,addNewBranch_tere12345678,201,Created,GitLabJmeter 1-1,text,true,,2145,305,1,1,https://gitlab.com/api/v4/projects/53934465/repository/branches?branch=ttest&ref=main,618,0,0
1705450187742,250,deleteRepo_tere12345678,202,Accepted,GitLabJmeter 1-1,text,true,,1319,265,1,1,https://gitlab.com/api/v4/projects/53934465,250,0,0
1705450187993,860,createRepoRequest_tere123456,201,Created,GitLabJmeter 1-1,text,true,,5981,272,1,1,https://gitlab.com/api/v4/projects,860,0,0
1705450188855,737,addFileToRepoRequest_tere123456,201,Created,GitLabJmeter 1-1,text,true,,1403,334,1,1,https://gitlab.com/api/v4/projects/53934466/repository/files/bi.bat,737,0,0
1705450189593,730,addNewBranch_tere123456,201,Created,GitLabJmeter 1-1,text,true,,2137,305,1,1,https://gitlab.com/api/v4/projects/53934466/repository/branches?branch=ttest&ref=main,730,0,0
1705450190324,271,deleteRepo_tere123456,202,Accepted,GitLabJmeter 1-1,text,true,,1329,265,1,1,https://gitlab.com/api/v4/projects/53934466,271,0,0
1705450190597,1201,createRepoRequest_teest12221212,201,Created,GitLabJmeter 1-1,text,true,,6018,275,1,1,https://gitlab.com/api/v4/projects,1201,0,0
1705450191800,912,addFileToRepoRequest_teest12221212,201,Created,GitLabJmeter 1-1,text,true,,1409,339,1,1,https://gitlab.com/api/v4/projects/53934468/repository/files/nuku.txt,912,0,0
1705450192713,840,addNewBranch_teest12221212,201,Created,GitLabJmeter 1-1,text,true,,2001,305,1,1,https://gitlab.com/api/v4/projects/53934468/repository/branches?branch=ttest&ref=main,840,0,0
1705450193554,261,deleteRepo_teest12221212,202,Accepted,GitLabJmeter 1-1,text,true,,1173,265,1,1,https://gitlab.com/api/v4/projects/53934468,261,0,0
1705450193819,787,createRepoRequest_tere123,201,Created,GitLabJmeter 1-1,text,true,,5950,269,1,1,https://gitlab.com/api/v4/projects,787,0,0
1705450194608,718,addFileToRepoRequest_tere123,201,Created,GitLabJmeter 1-1,text,true,,1404,349,1,1,https://gitlab.com/api/v4/projects/53934469/repository/files/test.py,718,0,0
1705450195327,772,addNewBranch_tere123,201,Created,GitLabJmeter 1-1,text,true,,1991,305,1,1,https://gitlab.com/api/v4/projects/53934469/repository/branches?branch=ttest&ref=main,772,0,0
1705450196100,270,deleteRepo_tere123,202,Accepted,GitLabJmeter 1-1,text,true,,1319,265,1,1,https://gitlab.com/api/v4/projects/53934469,270,0,0
1705450196371,329,createRepoRequest_tere1234,400,Bad Request,GitLabJmeter 1-1,text,false,,1282,270,1,1,https://gitlab.com/api/v4/projects,329,0,0
1705450196701,269,addFileToRepoRequest_tere1234,404,Not Found,GitLabJmeter 1-1,text,false,,1185,334,1,1,https://gitlab.com/api/v4/projects/idNoFound/repository/files/rest.html,269,0,0
1705450196971,272,addNewBranch_tere1234,404,Not Found,GitLabJmeter 1-1,text,false,,1341,306,1,1,https://gitlab.com/api/v4/projects/idNoFound/repository/branches?branch=ttest&ref=main,272,0,0
1705450197245,215,deleteRepo_tere1234,404,Not Found,GitLabJmeter 1-1,text,false,,1176,266,1,1,https://gitlab.com/api/v4/projects/idNoFound,215,0,0
1705450197461,1542,createRepoRequest_tere12345,201,Created,GitLabJmeter 1-1,text,true,,5830,271,1,1,https://gitlab.com/api/v4/projects,1542,0,0
1705450199005,977,addFileToRepoRequest_tere12345,201,Created,GitLabJmeter 1-1,text,true,,1410,338,1,1,https://gitlab.com/api/v4/projects/53934471/repository/files/hikolos.txt,977,0,0
1705450199983,643,addNewBranch_tere12345,201,Created,GitLabJmeter 1-1,text,true,,1991,305,1,1,https://gitlab.com/api/v4/projects/53934471/repository/branches?branch=ttest&ref=main,643,0,0
1705450200628,246,deleteRepo_tere12345,202,Accepted,GitLabJmeter 1-1,text,true,,1169,265,1,1,https://gitlab.com/api/v4/projects/53934471,246,0,0
1705450200875,832,createRepoRequest_tere123456,201,Created,GitLabJmeter 1-1,text,true,,5837,272,1,1,https://gitlab.com/api/v4/projects,832,0,0
1705450201709,859,addFileToRepoRequest_tere123456,201,Created,GitLabJmeter 1-1,text,true,,1254,334,1,1,https://gitlab.com/api/v4/projects/53934472/repository/files/bike.bat,858,0,0
1705450202569,1015,addNewBranch_tere123456,201,Created,GitLabJmeter 1-1,text,true,,1987,305,1,1,https://gitlab.com/api/v4/projects/53934472/repository/branches?branch=ttest&ref=main,1015,0,0
1705450203586,391,deleteRepo_tere123456,202,Accepted,GitLabJmeter 1-1,text,true,,1177,265,1,1,https://gitlab.com/api/v4/projects/53934472,391,0,0
1705450203977,701,createRepoRequest_tere1234567,201,Created,GitLabJmeter 1-1,text,true,,5992,273,1,1,https://gitlab.com/api/v4/projects,701,0,0
1705450204680,862,addFileToRepoRequest_tere1234567,201,Created,GitLabJmeter 1-1,text,true,,1256,333,1,1,https://gitlab.com/api/v4/projects/53934475/repository/files/vikeb.c,862,0,0
1705450205543,694,addNewBranch_tere1234567,201,Created,GitLabJmeter 1-1,text,true,,1991,305,1,1,https://gitlab.com/api/v4/projects/53934475/repository/branches?branch=ttest&ref=main,694,0,0
1705450206239,259,deleteRepo_tere1234567,202,Accepted,GitLabJmeter 1-1,text,true,,1175,265,1,1,https://gitlab.com/api/v4/projects/53934475,259,0,0
1705450206499,994,createRepoRequest_tere12345678,201,Created,GitLabJmeter 1-1,text,true,,6003,274,1,1,https://gitlab.com/api/v4/projects,994,0,0
1705450207494,942,addFileToRepoRequest_tere12345678,201,Created,GitLabJmeter 1-1,text,true,,1259,340,1,1,https://gitlab.com/api/v4/projects/53934476/repository/files/vikeeeeeeeeb.c,942,0,0
1705450208438,885,addNewBranch_tere12345678,201,Created,GitLabJmeter 1-1,text,true,,1995,305,1,1,https://gitlab.com/api/v4/projects/53934476/repository/branches?branch=ttest&ref=main,885,0,0
1705450209324,294,deleteRepo_tere12345678,202,Accepted,GitLabJmeter 1-1,text,true,,1175,265,1,1,https://gitlab.com/api/v4/projects/53934476,294,0,0
1705450209619,1252,createRepoRequest_tere123456,201,Created,GitLabJmeter 1-1,text,true,,5835,272,1,1,https://gitlab.com/api/v4/projects,1252,0,0
1705450210873,1221,addFileToRepoRequest_tere123456,201,Created,GitLabJmeter 1-1,text,true,,1405,334,1,1,https://gitlab.com/api/v4/projects/53934477/repository/files/bi.bat,1221,0,0
1705450212095,809,addNewBranch_tere123456,201,Created,GitLabJmeter 1-1,text,true,,1993,305,1,1,https://gitlab.com/api/v4/projects/53934477/repository/branches?branch=ttest&ref=main,809,0,0
1705450212905,233,deleteRepo_tere123456,202,Accepted,GitLabJmeter 1-1,text,true,,1323,265,1,1,https://gitlab.com/api/v4/projects/53934477,233,0,0
1705450213140,730,createRepoRequest_teest12221212,201,Created,GitLabJmeter 1-1,text,true,,5864,275,1,1,https://gitlab.com/api/v4/projects,730,0,0
1705450213872,1079,addFileToRepoRequest_teest12221212,201,Created,GitLabJmeter 1-1,text,true,,1255,339,1,1,https://gitlab.com/api/v4/projects/53934478/repository/files/nuku.txt,1079,0,0
1705450214952,697,addNewBranch_teest12221212,201,Created,GitLabJmeter 1-1,text,true,,2139,305,1,1,https://gitlab.com/api/v4/projects/53934478/repository/branches?branch=ttest&ref=main,697,0,0
1705450215650,271,deleteRepo_teest12221212,202,Accepted,GitLabJmeter 1-1,text,true,,1175,265,1,1,https://gitlab.com/api/v4/projects/53934478,271,0,0
1705450215923,1394,createRepoRequest_tere123,201,Created,GitLabJmeter 1-1,text,true,,5808,269,1,1,https://gitlab.com/api/v4/projects,1394,0,0
1705450217319,3283,addFileToRepoRequest_tere123,201,Created,GitLabJmeter 1-1,text,false,"The operation lasted too long: It took 3,283 milliseconds, but should not have lasted longer than 2,000 milliseconds.",1404,349,1,1,https://gitlab.com/api/v4/projects/53934480/repository/files/test.py,3282,0,0
1705450220603,626,addNewBranch_tere123,201,Created,GitLabJmeter 1-1,text,true,,2129,305,1,1,https://gitlab.com/api/v4/projects/53934480/repository/branches?branch=ttest&ref=main,626,0,0
1705450221231,820,deleteRepo_tere123,202,Accepted,GitLabJmeter 1-1,text,true,,1173,265,1,1,https://gitlab.com/api/v4/projects/53934480,820,0,0
1705450222052,301,createRepoRequest_tere1234,400,Bad Request,GitLabJmeter 1-1,text,false,,1288,270,1,1,https://gitlab.com/api/v4/projects,301,0,0
1705450222354,243,addFileToRepoRequest_tere1234,404,Not Found,GitLabJmeter 1-1,text,false,,1329,334,1,1,https://gitlab.com/api/v4/projects/idNoFound/repository/files/rest.html,243,0,0
1705450222598,189,addNewBranch_tere1234,404,Not Found,GitLabJmeter 1-1,text,false,,1187,306,1,1,https://gitlab.com/api/v4/projects/idNoFound/repository/branches?branch=ttest&ref=main,189,0,0
1705450222787,200,deleteRepo_tere1234,404,Not Found,GitLabJmeter 1-1,text,false,,1185,266,1,1,https://gitlab.com/api/v4/projects/idNoFound,200,0,0
1705450222988,1966,createRepoRequest_tere12345,201,Created,GitLabJmeter 1-1,text,true,,5974,271,1,1,https://gitlab.com/api/v4/projects,1966,0,0
1705450224955,800,addFileToRepoRequest_tere12345,201,Created,GitLabJmeter 1-1,text,true,,1412,338,1,1,https://gitlab.com/api/v4/projects/53934481/repository/files/hikolos.txt,800,0,0
1705450225756,721,addNewBranch_tere12345,201,Created,GitLabJmeter 1-1,text,true,,2133,305,1,1,https://gitlab.com/api/v4/projects/53934481/repository/branches?branch=ttest&ref=main,721,0,0
1705450226478,271,deleteRepo_tere12345,202,Accepted,GitLabJmeter 1-1,text,true,,1179,265,1,1,https://gitlab.com/api/v4/projects/53934481,271,0,0
1705450226750,1601,createRepoRequest_tere123456,201,Created,GitLabJmeter 1-1,text,true,,5979,272,1,1,https://gitlab.com/api/v4/projects,1601,0,0
1705450228353,925,addFileToRepoRequest_tere123456,201,Created,GitLabJmeter 1-1,text,true,,1259,334,1,1,https://gitlab.com/api/v4/projects/53934484/repository/files/bike.bat,925,0,0
1705450229279,757,addNewBranch_tere123456,201,Created,GitLabJmeter 1-1,text,true,,1997,305,1,1,https://gitlab.com/api/v4/projects/53934484/repository/branches?branch=ttest&ref=main,757,0,0
1705450230038,270,deleteRepo_tere123456,202,Accepted,GitLabJmeter 1-1,text,true,,1175,265,1,1,https://gitlab.com/api/v4/projects/53934484,270,0,0
1705450230917,888,createRepoRequest_tere12345678,201,Created,GitLabJmeter 1-2,text,true,,5863,274,2,2,https://gitlab.com/api/v4/projects,888,0,66
1705450230309,1952,createRepoRequest_tere1234567,201,Created,GitLabJmeter 1-1,text,true,,5846,273,2,2,https://gitlab.com/api/v4/projects,1951,0,0
1705450231807,1141,addFileToRepoRequest_tere12345678,201,Created,GitLabJmeter 1-2,text,true,,1413,340,2,2,https://gitlab.com/api/v4/projects/53934490/repository/files/vikeeeeeeeeb.c,1140,0,0
1705450232262,833,addFileToRepoRequest_tere1234567,201,Created,GitLabJmeter 1-1,text,true,,1400,333,2,2,https://gitlab.com/api/v4/projects/53934488/repository/files/vikeb.c,833,0,53
1705450232948,658,addNewBranch_tere12345678,201,Created,GitLabJmeter 1-2,text,true,,2003,305,2,2,https://gitlab.com/api/v4/projects/53934490/repository/branches?branch=ttest&ref=main,658,0,0
1705450233096,720,addNewBranch_tere1234567,201,Created,GitLabJmeter 1-1,text,true,,2145,305,2,2,https://gitlab.com/api/v4/projects/53934488/repository/branches?branch=ttest&ref=main,720,0,0
1705450233607,281,deleteRepo_tere12345678,202,Accepted,GitLabJmeter 1-2,text,true,,1181,265,2,2,https://gitlab.com/api/v4/projects/53934490,281,0,0
1705450233817,286,deleteRepo_tere1234567,202,Accepted,GitLabJmeter 1-1,text,true,,1177,265,2,2,https://gitlab.com/api/v4/projects/53934488,286,0,0
1705450233889,967,createRepoRequest_tere123456,201,Created,GitLabJmeter 1-2,text,true,,5835,272,2,2,https://gitlab.com/api/v4/projects,966,0,0
1705450234104,1551,createRepoRequest_teest12221212,201,Created,GitLabJmeter 1-1,text,true,,6008,275,2,2,https://gitlab.com/api/v4/projects,1551,0,0
1705450234857,805,addFileToRepoRequest_tere123456,201,Created,GitLabJmeter 1-2,text,true,,1252,334,2,2,https://gitlab.com/api/v4/projects/53934492/repository/files/bi.bat,805,0,0
1705450235657,1048,addFileToRepoRequest_teest12221212,201,Created,GitLabJmeter 1-1,text,true,,1401,339,2,2,https://gitlab.com/api/v4/projects/53934493/repository/files/nuku.txt,1047,0,0
1705450235662,1113,addNewBranch_tere123456,201,Created,GitLabJmeter 1-2,text,true,,2139,305,2,2,https://gitlab.com/api/v4/projects/53934492/repository/branches?branch=ttest&ref=main,1113,0,0
1705450236776,331,deleteRepo_tere123456,202,Accepted,GitLabJmeter 1-2,text,true,,1177,265,2,2,https://gitlab.com/api/v4/projects/53934492,331,0,0
1705450236706,738,addNewBranch_teest12221212,201,Created,GitLabJmeter 1-1,text,true,,2007,305,2,2,https://gitlab.com/api/v4/projects/53934493/repository/branches?branch=ttest&ref=main,738,0,0
1705450237445,356,deleteRepo_teest12221212,202,Accepted,GitLabJmeter 1-1,text,true,,1173,265,2,2,https://gitlab.com/api/v4/projects/53934493,356,0,0
1705450237109,874,createRepoRequest_tere123,201,Created,GitLabJmeter 1-2,text,true,,5806,269,2,2,https://gitlab.com/api/v4/projects,873,0,0
1705450237802,487,createRepoRequest_tere1234,400,Bad Request,GitLabJmeter 1-1,text,false,,1426,270,2,2,https://gitlab.com/api/v4/projects,487,0,0
1705450238290,254,addFileToRepoRequest_tere1234,404,Not Found,GitLabJmeter 1-1,text,false,,1176,334,2,2,https://gitlab.com/api/v4/projects/idNoFound/repository/files/rest.html,254,0,0
1705450238545,198,addNewBranch_tere1234,404,Not Found,GitLabJmeter 1-1,text,false,,1181,306,2,2,https://gitlab.com/api/v4/projects/idNoFound/repository/branches?branch=ttest&ref=main,198,0,0
1705450237984,831,addFileToRepoRequest_tere123,201,Created,GitLabJmeter 1-2,text,true,,1400,349,2,2,https://gitlab.com/api/v4/projects/53934496/repository/files/test.py,831,0,0
1705450238744,184,deleteRepo_tere1234,404,Not Found,GitLabJmeter 1-1,text,false,,1187,266,2,2,https://gitlab.com/api/v4/projects/idNoFound,184,0,0
1705450238817,791,addNewBranch_tere123,201,Created,GitLabJmeter 1-2,text,true,,2145,305,2,2,https://gitlab.com/api/v4/projects/53934496/repository/branches?branch=ttest&ref=main,791,0,0
1705450238929,815,createRepoRequest_tere12345,201,Created,GitLabJmeter 1-1,text,true,,5830,271,2,2,https://gitlab.com/api/v4/projects,814,0,0
1705450239610,350,deleteRepo_tere123,202,Accepted,GitLabJmeter 1-2,text,true,,1175,265,2,2,https://gitlab.com/api/v4/projects/53934496,350,0,0
1705450239745,887,addFileToRepoRequest_tere12345,201,Created,GitLabJmeter 1-1,text,true,,1256,338,2,2,https://gitlab.com/api/v4/projects/53934497/repository/files/hikolos.txt,887,0,0
1705450239961,796,createRepoRequest_tere123456,201,Created,GitLabJmeter 1-2,text,true,,5979,272,2,2,https://gitlab.com/api/v4/projects,796,0,0
1705450240633,880,addNewBranch_tere12345,201,Created,GitLabJmeter 1-1,text,true,,1993,305,2,2,https://gitlab.com/api/v4/projects/53934497/repository/branches?branch=ttest&ref=main,880,0,0
1705450241515,325,deleteRepo_tere12345,202,Accepted,GitLabJmeter 1-1,text,true,,1321,265,2,2,https://gitlab.com/api/v4/projects/53934497,324,0,0
1705450240759,1284,addFileToRepoRequest_tere123456,201,Created,GitLabJmeter 1-2,text,true,,1259,334,2,2,https://gitlab.com/api/v4/projects/53934499/repository/files/bike.bat,1284,0,0
1705450242045,889,addNewBranch_tere123456,201,Created,GitLabJmeter 1-2,text,true,,2137,305,2,2,https://gitlab.com/api/v4/projects/53934499/repository/branches?branch=ttest&ref=main,889,0,0
1705450241840,1161,createRepoRequest_tere1234567,201,Created,GitLabJmeter 1-1,text,true,,5845,273,2,2,https://gitlab.com/api/v4/projects,1160,0,0
1705450242935,663,deleteRepo_tere123456,202,Accepted,GitLabJmeter 1-2,text,true,,1171,265,2,2,https://gitlab.com/api/v4/projects/53934499,663,0,0
1705450243002,785,addFileToRepoRequest_tere1234567,201,Created,GitLabJmeter 1-1,text,true,,1408,333,2,2,https://gitlab.com/api/v4/projects/53934500/repository/files/vikeb.c,784,0,0
1705450243599,756,createRepoRequest_tere12345678,201,Created,GitLabJmeter 1-2,text,true,,5857,274,2,2,https://gitlab.com/api/v4/projects,756,0,0
1705450244357,978,addFileToRepoRequest_tere12345678,201,Created,GitLabJmeter 1-2,text,true,,1261,340,2,2,https://gitlab.com/api/v4/projects/53934501/repository/files/vikeeeeeeeeb.c,978,0,0
1705450243787,2222,addNewBranch_tere1234567,201,Created,GitLabJmeter 1-1,text,false,"The operation lasted too long: It took 2,222 milliseconds, but should not have lasted longer than 2,000 milliseconds.",2139,305,2,2,https://gitlab.com/api/v4/projects/53934500/repository/branches?branch=ttest&ref=main,2222,0,0
1705450245336,713,addNewBranch_tere12345678,201,Created,GitLabJmeter 1-2,text,true,,1993,305,2,2,https://gitlab.com/api/v4/projects/53934501/repository/branches?branch=ttest&ref=main,713,0,0
1705450246151,332,deleteRepo_tere12345678,202,Accepted,GitLabJmeter 1-2,text,true,,1335,265,2,2,https://gitlab.com/api/v4/projects/53934501,332,0,0
1705450246011,535,deleteRepo_tere1234567,202,Accepted,GitLabJmeter 1-1,text,true,,1317,265,2,2,https://gitlab.com/api/v4/projects/53934500,535,0,0
1705450246547,679,createRepoRequest_teest12221212,201,Created,GitLabJmeter 1-1,text,true,,6014,275,2,2,https://gitlab.com/api/v4/projects,678,0,0
1705450246484,757,createRepoRequest_tere123456,201,Created,GitLabJmeter 1-2,text,true,,5839,272,2,2,https://gitlab.com/api/v4/projects,756,0,0
1705450247242,828,addFileToRepoRequest_tere123456,201,Created,GitLabJmeter 1-2,text,true,,1401,334,2,2,https://gitlab.com/api/v4/projects/53934503/repository/files/bi.bat,827,0,0
1705450247227,1174,addFileToRepoRequest_teest12221212,201,Created,GitLabJmeter 1-1,text,true,,1409,339,2,2,https://gitlab.com/api/v4/projects/53934504/repository/files/nuku.txt,1174,0,0
1705450248071,634,addNewBranch_tere123456,201,Created,GitLabJmeter 1-2,text,true,,2143,305,2,2,https://gitlab.com/api/v4/projects/53934503/repository/branches?branch=ttest&ref=main,633,0,0
1705450248705,267,deleteRepo_tere123456,202,Accepted,GitLabJmeter 1-2,text,true,,1177,265,2,2,https://gitlab.com/api/v4/projects/53934503,267,0,0
1705450248402,662,addNewBranch_teest12221212,201,Created,GitLabJmeter 1-1,text,true,,2151,305,2,2,https://gitlab.com/api/v4/projects/53934504/repository/branches?branch=ttest&ref=main,661,0,0
1705450249065,289,deleteRepo_teest12221212,202,Accepted,GitLabJmeter 1-1,text,true,,1321,265,2,2,https://gitlab.com/api/v4/projects/53934504,289,0,0
1705450249355,313,createRepoRequest_tere1234,400,Bad Request,GitLabJmeter 1-1,text,false,,1284,270,2,2,https://gitlab.com/api/v4/projects,312,0,0
1705450248974,830,createRepoRequest_tere123,201,Created,GitLabJmeter 1-2,text,true,,5818,269,2,2,https://gitlab.com/api/v4/projects,829,0,0
1705450249669,271,addFileToRepoRequest_tere1234,404,Not Found,GitLabJmeter 1-1,text,false,,1179,334,2,2,https://gitlab.com/api/v4/projects/idNoFound/repository/files/rest.html,271,0,0
1705450249940,252,addNewBranch_tere1234,404,Not Found,GitLabJmeter 1-1,text,false,,1339,306,2,2,https://gitlab.com/api/v4/projects/idNoFound/repository/branches?branch=ttest&ref=main,252,0,0
1705450250193,209,deleteRepo_tere1234,404,Not Found,GitLabJmeter 1-1,text,false,,1191,266,2,2,https://gitlab.com/api/v4/projects/idNoFound,209,0,0
1705450249805,790,addFileToRepoRequest_tere123,201,Created,GitLabJmeter 1-2,text,true,,1398,349,2,2,https://gitlab.com/api/v4/projects/53934506/repository/files/test.py,790,0,0
1705450250403,687,createRepoRequest_tere12345,201,Created,GitLabJmeter 1-1,text,true,,5832,271,2,2,https://gitlab.com/api/v4/projects,687,0,0
1705450250596,700,addNewBranch_tere123,201,Created,GitLabJmeter 1-2,text,true,,1985,305,2,2,https://gitlab.com/api/v4/projects/53934506/repository/branches?branch=ttest&ref=main,700,0,0
1705450251297,280,deleteRepo_tere123,202,Accepted,GitLabJmeter 1-2,text,true,,1177,265,2,2,https://gitlab.com/api/v4/projects/53934506,280,0,0
1705450251092,814,addFileToRepoRequest_tere12345,201,Created,GitLabJmeter 1-1,text,true,,1258,338,2,2,https://gitlab.com/api/v4/projects/53934507/repository/files/hikolos.txt,813,0,0
1705450251578,772,createRepoRequest_tere123456,201,Created,GitLabJmeter 1-2,text,true,,5831,272,2,2,https://gitlab.com/api/v4/projects,772,0,0
1705450251906,830,addNewBranch_tere12345,201,Created,GitLabJmeter 1-1,text,true,,1995,305,2,2,https://gitlab.com/api/v4/projects/53934507/repository/branches?branch=ttest&ref=main,830,0,0
1705450252352,724,addFileToRepoRequest_tere123456,201,Created,GitLabJmeter 1-2,text,true,,1405,334,2,2,https://gitlab.com/api/v4/projects/53934508/repository/files/bike.bat,724,0,0
1705450252736,506,deleteRepo_tere12345,202,Accepted,GitLabJmeter 1-1,text,true,,1164,265,2,2,https://gitlab.com/api/v4/projects/53934507,506,0,0
1705450253077,734,addNewBranch_tere123456,201,Created,GitLabJmeter 1-2,text,true,,1995,305,2,2,https://gitlab.com/api/v4/projects/53934508/repository/branches?branch=ttest&ref=main,734,0,0
1705450253811,546,deleteRepo_tere123456,202,Accepted,GitLabJmeter 1-2,text,true,,1315,265,2,2,https://gitlab.com/api/v4/projects/53934508,546,0,0
1705450253243,2162,createRepoRequest_tere1234567,201,Created,GitLabJmeter 1-1,text,false,"The operation lasted too long: It took 2,162 milliseconds, but should not have lasted longer than 2,000 milliseconds.",5848,273,2,2,https://gitlab.com/api/v4/projects,2162,0,0
1705450254358,1812,createRepoRequest_tere12345678,201,Created,GitLabJmeter 1-2,text,true,,5997,274,2,2,https://gitlab.com/api/v4/projects,1812,0,0
1705450256172,763,addFileToRepoRequest_tere12345678,201,Created,GitLabJmeter 1-2,text,true,,1263,340,2,2,https://gitlab.com/api/v4/projects/53934512/repository/files/vikeeeeeeeeb.c,763,0,0
1705450255406,1693,addFileToRepoRequest_tere1234567,201,Created,GitLabJmeter 1-1,text,true,,1260,333,2,2,https://gitlab.com/api/v4/projects/53934510/repository/files/vikeb.c,1693,0,0
1705450256936,636,addNewBranch_tere12345678,201,Created,GitLabJmeter 1-2,text,true,,1999,305,2,2,https://gitlab.com/api/v4/projects/53934512/repository/branches?branch=ttest&ref=main,636,0,0
1705450257101,725,addNewBranch_tere1234567,201,Created,GitLabJmeter 1-1,text,true,,1995,305,2,2,https://gitlab.com/api/v4/projects/53934510/repository/branches?branch=ttest&ref=main,725,0,0
1705450257573,289,deleteRepo_tere12345678,202,Accepted,GitLabJmeter 1-2,text,true,,1175,265,2,2,https://gitlab.com/api/v4/projects/53934512,289,0,0
1705450257826,279,deleteRepo_tere1234567,202,Accepted,GitLabJmeter 1-1,text,true,,1323,265,2,2,https://gitlab.com/api/v4/projects/53934510,279,0,0
1705450257863,823,createRepoRequest_tere123456,201,Created,GitLabJmeter 1-2,text,true,,5981,272,2,2,https://gitlab.com/api/v4/projects,823,0,0
1705450258106,1180,createRepoRequest_teest12221212,201,Created,GitLabJmeter 1-1,text,true,,5864,275,2,2,https://gitlab.com/api/v4/projects,1180,0,0
1705450258687,781,addFileToRepoRequest_tere123456,201,Created,GitLabJmeter 1-2,text,true,,1261,334,2,2,https://gitlab.com/api/v4/projects/53934513/repository/files/bi.bat,781,0,0
1705450259288,752,addFileToRepoRequest_teest12221212,201,Created,GitLabJmeter 1-1,text,true,,1265,339,2,2,https://gitlab.com/api/v4/projects/53934514/repository/files/nuku.txt,752,0,0
1705450259468,669,addNewBranch_tere123456,201,Created,GitLabJmeter 1-2,text,true,,1997,305,2,2,https://gitlab.com/api/v4/projects/53934513/repository/branches?branch=ttest&ref=main,669,0,0
1705450260138,382,deleteRepo_tere123456,202,Accepted,GitLabJmeter 1-2,text,true,,1179,265,2,2,https://gitlab.com/api/v4/projects/53934513,382,0,0
1705450260042,666,addNewBranch_teest12221212,201,Created,GitLabJmeter 1-1,text,true,,2003,305,2,2,https://gitlab.com/api/v4/projects/53934514/repository/branches?branch=ttest&ref=main,666,0,0
1705450260709,651,deleteRepo_teest12221212,202,Accepted,GitLabJmeter 1-1,text,true,,1162,265,2,2,https://gitlab.com/api/v4/projects/53934514,651,0,0
1705450261361,339,createRepoRequest_tere1234,400,Bad Request,GitLabJmeter 1-1,text,false,,1436,270,2,2,https://gitlab.com/api/v4/projects,338,0,0
1705450260521,1179,createRepoRequest_tere123,201,Created,GitLabJmeter 1-2,text,true,,5810,269,2,2,https://gitlab.com/api/v4/projects,1178,0,0
1705450261700,246,addFileToRepoRequest_tere1234,404,Not Found,GitLabJmeter 1-1,text,false,,1325,334,2,2,https://gitlab.com/api/v4/projects/idNoFound/repository/files/rest.html,246,0,0
1705450261947,271,addNewBranch_tere1234,404,Not Found,GitLabJmeter 1-1,text,false,,1187,306,2,2,https://gitlab.com/api/v4/projects/idNoFound/repository/branches?branch=ttest&ref=main,271,0,0
1705450262219,281,deleteRepo_tere1234,404,Not Found,GitLabJmeter 1-1,text,false,,1181,266,2,2,https://gitlab.com/api/v4/projects/idNoFound,281,0,0
1705450261700,800,addFileToRepoRequest_tere123,201,Created,GitLabJmeter 1-2,text,true,,1256,349,2,2,https://gitlab.com/api/v4/projects/53934515/repository/files/test.py,800,0,0
1705450262501,977,addNewBranch_tere123,201,Created,GitLabJmeter 1-2,text,true,,1985,305,2,2,https://gitlab.com/api/v4/projects/53934515/repository/branches?branch=ttest&ref=main,977,0,0
1705450262501,1169,createRepoRequest_tere12345,201,Created,GitLabJmeter 1-1,text,true,,5974,271,2,2,https://gitlab.com/api/v4/projects,1169,0,0
1705450263479,247,deleteRepo_tere123,202,Accepted,GitLabJmeter 1-2,text,true,,1315,265,2,2,https://gitlab.com/api/v4/projects/53934515,247,0,0
1705450263671,815,addFileToRepoRequest_tere12345,201,Created,GitLabJmeter 1-1,text,true,,1262,338,2,2,https://gitlab.com/api/v4/projects/53934517/repository/files/hikolos.txt,815,0,0
1705450263727,817,createRepoRequest_tere123456,201,Created,GitLabJmeter 1-2,text,true,,5837,272,2,2,https://gitlab.com/api/v4/projects,817,0,0
1705450264487,670,addNewBranch_tere12345,201,Created,GitLabJmeter 1-1,text,true,,1989,305,2,2,https://gitlab.com/api/v4/projects/53934517/repository/branches?branch=ttest&ref=main,670,0,0
1705450264546,742,addFileToRepoRequest_tere123456,201,Created,GitLabJmeter 1-2,text,true,,1258,334,2,2,https://gitlab.com/api/v4/projects/53934518/repository/files/bike.bat,742,0,0
1705450265158,243,deleteRepo_tere12345,202,Accepted,GitLabJmeter 1-1,text,true,,1173,265,2,2,https://gitlab.com/api/v4/projects/53934517,243,0,0
1705450265402,1102,createRepoRequest_tere1234567,201,Created,GitLabJmeter 1-1,text,true,,5854,273,2,2,https://gitlab.com/api/v4/projects,1101,0,0
1705450265288,1526,addNewBranch_tere123456,201,Created,GitLabJmeter 1-2,text,true,,2147,305,2,2,https://gitlab.com/api/v4/projects/53934518/repository/branches?branch=ttest&ref=main,1526,0,0
1705450266815,284,deleteRepo_tere123456,202,Accepted,GitLabJmeter 1-2,text,true,,1175,265,2,2,https://gitlab.com/api/v4/projects/53934518,284,0,0
1705450266505,778,addFileToRepoRequest_tere1234567,201,Created,GitLabJmeter 1-1,text,true,,1254,333,2,2,https://gitlab.com/api/v4/projects/53934519/repository/files/vikeb.c,778,0,0
1705450267283,599,addNewBranch_tere1234567,201,Created,GitLabJmeter 1-1,text,true,,2149,305,2,2,https://gitlab.com/api/v4/projects/53934519/repository/branches?branch=ttest&ref=main,599,0,0
1705450267101,1027,createRepoRequest_tere12345678,201,Created,GitLabJmeter 1-2,text,true,,5855,274,2,2,https://gitlab.com/api/v4/projects,1027,0,0
1705450267883,688,deleteRepo_tere1234567,202,Accepted,GitLabJmeter 1-1,text,true,,1319,265,2,2,https://gitlab.com/api/v4/projects/53934519,688,0,0
1705450268572,1371,createRepoRequest_tere123456,201,Created,GitLabJmeter 1-1,text,true,,5833,272,2,2,https://gitlab.com/api/v4/projects,1371,0,0
1705450268130,2137,addFileToRepoRequest_tere12345678,201,Created,GitLabJmeter 1-2,text,false,"The operation lasted too long: It took 2,137 milliseconds, but should not have lasted longer than 2,000 milliseconds.",1405,340,2,2,https://gitlab.com/api/v4/projects/53934521/repository/files/vikeeeeeeeeb.c,2137,0,0
1705450269945,743,addFileToRepoRequest_tere123456,201,Created,GitLabJmeter 1-1,text,true,,1399,334,2,2,https://gitlab.com/api/v4/projects/53934522/repository/files/bi.bat,743,0,0
1705450270269,732,addNewBranch_tere12345678,201,Created,GitLabJmeter 1-2,text,true,,1999,305,2,2,https://gitlab.com/api/v4/projects/53934521/repository/branches?branch=ttest&ref=main,732,0,0
1705450271002,282,deleteRepo_tere12345678,202,Accepted,GitLabJmeter 1-2,text,true,,1321,265,2,2,https://gitlab.com/api/v4/projects/53934521,282,0,0
1705450270689,635,addNewBranch_tere123456,201,Created,GitLabJmeter 1-1,text,true,,2139,305,2,2,https://gitlab.com/api/v4/projects/53934522/repository/branches?branch=ttest&ref=main,635,0,0
1705450271325,290,deleteRepo_tere123456,202,Accepted,GitLabJmeter 1-1,text,true,,1175,265,2,2,https://gitlab.com/api/v4/projects/53934522,290,0,0
1705450271285,796,createRepoRequest_teest12221212,201,Created,GitLabJmeter 1-2,text,true,,5864,275,2,2,https://gitlab.com/api/v4/projects,796,0,0
1705450271617,896,createRepoRequest_tere123,201,Created,GitLabJmeter 1-1,text,true,,5952,269,2,2,https://gitlab.com/api/v4/projects,896,0,0
1705450272083,1116,addFileToRepoRequest_teest12221212,201,Created,GitLabJmeter 1-2,text,true,,1265,339,2,2,https://gitlab.com/api/v4/projects/53934523/repository/files/nuku.txt,1116,0,0
1705450272515,861,addFileToRepoRequest_tere123,201,Created,GitLabJmeter 1-1,text,true,,1258,349,2,2,https://gitlab.com/api/v4/projects/53934524/repository/files/test.py,861,0,0
1705450273200,744,addNewBranch_teest12221212,201,Created,GitLabJmeter 1-2,text,true,,2149,305,2,2,https://gitlab.com/api/v4/projects/53934523/repository/branches?branch=ttest&ref=main,744,0,0
1705450273377,928,addNewBranch_tere123,201,Created,GitLabJmeter 1-1,text,true,,1982,305,2,2,https://gitlab.com/api/v4/projects/53934524/repository/branches?branch=ttest&ref=main,928,0,0
1705450273945,499,deleteRepo_teest12221212,202,Accepted,GitLabJmeter 1-2,text,true,,1183,265,2,2,https://gitlab.com/api/v4/projects/53934523,499,0,0
1705450274305,290,deleteRepo_tere123,202,Accepted,GitLabJmeter 1-1,text,true,,1173,265,2,2,https://gitlab.com/api/v4/projects/53934524,290,0,0
1705450274445,377,createRepoRequest_tere1234,400,Bad Request,GitLabJmeter 1-2,text,false,,1428,270,2,2,https://gitlab.com/api/v4/projects,377,0,0
1705450274823,302,addFileToRepoRequest_tere1234,404,Not Found,GitLabJmeter 1-2,text,false,,1185,334,2,2,https://gitlab.com/api/v4/projects/idNoFound/repository/files/rest.html,302,0,0
1705450274596,705,createRepoRequest_tere12345,201,Created,GitLabJmeter 1-1,text,true,,5821,271,2,2,https://gitlab.com/api/v4/projects,705,0,0
1705450275127,331,addNewBranch_tere1234,404,Not Found,GitLabJmeter 1-2,text,false,,1181,306,2,2,https://gitlab.com/api/v4/projects/idNoFound/repository/branches?branch=ttest&ref=main,331,0,0
1705450275458,186,deleteRepo_tere1234,404,Not Found,GitLabJmeter 1-2,text,false,,1193,266,2,2,https://gitlab.com/api/v4/projects/idNoFound,186,0,0
1705450275645,745,createRepoRequest_tere123456,201,Created,GitLabJmeter 1-2,text,true,,5837,272,2,2,https://gitlab.com/api/v4/projects,745,0,0
1705450275302,1352,addFileToRepoRequest_tere12345,201,Created,GitLabJmeter 1-1,text,true,,1262,338,2,2,https://gitlab.com/api/v4/projects/53934526/repository/files/hikolos.txt,1352,0,0
1705450276391,754,addFileToRepoRequest_tere123456,201,Created,GitLabJmeter 1-2,text,true,,1409,334,2,2,https://gitlab.com/api/v4/projects/53934527/repository/files/bike.bat,754,0,0
1705450276655,751,addNewBranch_tere12345,201,Created,GitLabJmeter 1-1,text,true,,1991,305,2,2,https://gitlab.com/api/v4/projects/53934526/repository/branches?branch=ttest&ref=main,751,0,0
1705450277146,655,addNewBranch_tere123456,201,Created,GitLabJmeter 1-2,text,true,,1999,305,2,2,https://gitlab.com/api/v4/projects/53934527/repository/branches?branch=ttest&ref=main,655,0,0
1705450277407,625,deleteRepo_tere12345,202,Accepted,GitLabJmeter 1-1,text,true,,1319,265,2,2,https://gitlab.com/api/v4/projects/53934526,625,0,0
1705450277802,250,deleteRepo_tere123456,202,Accepted,GitLabJmeter 1-2,text,true,,1319,265,2,2,https://gitlab.com/api/v4/projects/53934527,249,0,0
1705450278034,919,createRepoRequest_tere1234567,201,Created,GitLabJmeter 1-1,text,true,,5842,273,2,2,https://gitlab.com/api/v4/projects,919,0,0
1705450278154,1566,createRepoRequest_tere12345678,201,Created,GitLabJmeter 1-2,text,true,,5853,274,2,2,https://gitlab.com/api/v4/projects,1566,0,0
1705450278954,1848,addFileToRepoRequest_tere1234567,201,Created,GitLabJmeter 1-1,text,true,,1400,333,2,2,https://gitlab.com/api/v4/projects/53934528/repository/files/vikeb.c,1848,0,0
1705450279722,1453,addFileToRepoRequest_tere12345678,201,Created,GitLabJmeter 1-2,text,true,,1413,340,2,2,https://gitlab.com/api/v4/projects/53934529/repository/files/vikeeeeeeeeb.c,1453,0,0
1705450280803,697,addNewBranch_tere1234567,201,Created,GitLabJmeter 1-1,text,true,,1997,305,2,2,https://gitlab.com/api/v4/projects/53934528/repository/branches?branch=ttest&ref=main,696,0,0
1705450281500,340,deleteRepo_tere1234567,202,Accepted,GitLabJmeter 1-1,text,true,,1179,265,2,2,https://gitlab.com/api/v4/projects/53934528,340,0,0
1705450281176,792,addNewBranch_tere12345678,201,Created,GitLabJmeter 1-2,text,true,,2009,305,2,2,https://gitlab.com/api/v4/projects/53934529/repository/branches?branch=ttest&ref=main,792,0,0
1705450281969,251,deleteRepo_tere12345678,202,Accepted,GitLabJmeter 1-2,text,true,,1169,265,2,2,https://gitlab.com/api/v4/projects/53934529,251,0,0
1705450281840,776,createRepoRequest_tere123456,201,Created,GitLabJmeter 1-1,text,true,,5841,272,2,2,https://gitlab.com/api/v4/projects,776,0,0
1705450282221,733,createRepoRequest_teest12221212,201,Created,GitLabJmeter 1-2,text,true,,6006,275,2,2,https://gitlab.com/api/v4/projects,733,0,0
1705450282617,797,addFileToRepoRequest_tere123456,201,Created,GitLabJmeter 1-1,text,true,,1257,334,2,2,https://gitlab.com/api/v4/projects/53934531/repository/files/bi.bat,797,0,0
1705450282955,917,addFileToRepoRequest_teest12221212,201,Created,GitLabJmeter 1-2,text,true,,1263,339,2,2,https://gitlab.com/api/v4/projects/53934532/repository/files/nuku.txt,917,0,0
1705450283416,816,addNewBranch_tere123456,201,Created,GitLabJmeter 1-1,text,true,,2001,305,2,2,https://gitlab.com/api/v4/projects/53934531/repository/branches?branch=ttest&ref=main,816,0,0
1705450284233,255,deleteRepo_tere123456,202,Accepted,GitLabJmeter 1-1,text,true,,1177,265,2,2,https://gitlab.com/api/v4/projects/53934531,255,0,0
1705450283873,691,addNewBranch_teest12221212,201,Created,GitLabJmeter 1-2,text,true,,2001,305,2,2,https://gitlab.com/api/v4/projects/53934532/repository/branches?branch=ttest&ref=main,691,0,0
1705450284565,292,deleteRepo_teest12221212,202,Accepted,GitLabJmeter 1-2,text,true,,1173,265,2,2,https://gitlab.com/api/v4/projects/53934532,292,0,0
1705450284858,359,createRepoRequest_tere1234,400,Bad Request,GitLabJmeter 1-2,text,false,,1282,270,2,2,https://gitlab.com/api/v4/projects,359,0,0
1705450284489,927,createRepoRequest_tere123,201,Created,GitLabJmeter 1-1,text,true,,5960,269,2,2,https://gitlab.com/api/v4/projects,927,0,0
1705450285219,319,addFileToRepoRequest_tere1234,404,Not Found,GitLabJmeter 1-2,text,false,,1178,334,2,2,https://gitlab.com/api/v4/projects/idNoFound/repository/files/rest.html,319,0,0
1705450285539,194,addNewBranch_tere1234,404,Not Found,GitLabJmeter 1-2,text,false,,1183,306,2,2,https://gitlab.com/api/v4/projects/idNoFound/repository/branches?branch=ttest&ref=main,194,0,0
1705450285734,178,deleteRepo_tere1234,404,Not Found,GitLabJmeter 1-2,text,false,,1323,266,2,2,https://gitlab.com/api/v4/projects/idNoFound,178,0,0
1705450285418,831,addFileToRepoRequest_tere123,201,Created,GitLabJmeter 1-1,text,true,,1398,349,2,2,https://gitlab.com/api/v4/projects/53934533/repository/files/test.py,831,0,0
1705450286250,732,addNewBranch_tere123,201,Created,GitLabJmeter 1-1,text,true,,1985,305,2,2,https://gitlab.com/api/v4/projects/53934533/repository/branches?branch=ttest&ref=main,732,0,0
1705450285913,1273,createRepoRequest_tere12345,201,Created,GitLabJmeter 1-2,text,true,,5826,271,2,2,https://gitlab.com/api/v4/projects,1273,0,0
1705450286983,333,deleteRepo_tere123,202,Accepted,GitLabJmeter 1-1,text,true,,1325,265,2,2,https://gitlab.com/api/v4/projects/53934533,333,0,0
1705450287188,818,addFileToRepoRequest_tere12345,201,Created,GitLabJmeter 1-2,text,true,,1412,338,2,2,https://gitlab.com/api/v4/projects/53934535/repository/files/hikolos.txt,818,0,0
1705450288007,807,addNewBranch_tere12345,201,Created,GitLabJmeter 1-2,text,true,,1997,305,2,2,https://gitlab.com/api/v4/projects/53934535/repository/branches?branch=ttest&ref=main,807,0,0
1705450287317,1766,createRepoRequest_tere123456,201,Created,GitLabJmeter 1-1,text,true,,5839,272,2,2,https://gitlab.com/api/v4/projects,1766,0,0
1705450288815,400,deleteRepo_tere12345,202,Accepted,GitLabJmeter 1-2,text,true,,1166,265,2,2,https://gitlab.com/api/v4/projects/53934535,400,0,0
1705450289084,880,addFileToRepoRequest_tere123456,201,Created,GitLabJmeter 1-1,text,true,,1257,334,2,2,https://gitlab.com/api/v4/projects/53934536/repository/files/bike.bat,880,0,0
1705450289964,643,addNewBranch_tere123456,201,Created,GitLabJmeter 1-1,text,true,,1991,305,2,2,https://gitlab.com/api/v4/projects/53934536/repository/branches?branch=ttest&ref=main,643,0,0
1705450290610,314,deleteRepo_tere123456,202,Accepted,GitLabJmeter 1-1,text,true,,1173,265,3,3,https://gitlab.com/api/v4/projects/53934536,314,0,0
1705450290924,334,createRepoRequest_tere123456,400,Bad Request,GitLabJmeter 1-1,text,false,,1289,272,3,3,https://gitlab.com/api/v4/projects,334,0,0
1705450291259,260,addFileToRepoRequest_tere123456,404,Not Found,GitLabJmeter 1-1,text,false,,1183,335,3,3,https://gitlab.com/api/v4/projects/idNoFound/repository/files/bi.bat,260,0,0
1705450289216,2429,createRepoRequest_tere1234567,201,Created,GitLabJmeter 1-2,text,false,"The operation lasted too long: It took 2,429 milliseconds, but should not have lasted longer than 2,000 milliseconds.",5845,273,3,3,https://gitlab.com/api/v4/projects,2429,0,0
1705450291520,214,addNewBranch_tere123456,404,Not Found,GitLabJmeter 1-1,text,false,,1185,306,3,3,https://gitlab.com/api/v4/projects/idNoFound/repository/branches?branch=ttest&ref=main,214,0,0
1705450290902,1042,createRepoRequest_tere12345678,201,Created,GitLabJmeter 1-3,text,true,,5855,274,3,3,https://gitlab.com/api/v4/projects,1042,0,64
1705450291735,214,deleteRepo_tere123456,404,Not Found,GitLabJmeter 1-1,text,false,,1185,266,3,3,https://gitlab.com/api/v4/projects/idNoFound,214,0,0
1705450291646,1120,addFileToRepoRequest_tere1234567,201,Created,GitLabJmeter 1-2,text,true,,1406,333,3,3,https://gitlab.com/api/v4/projects/53934539/repository/files/vikeb.c,1120,0,31
1705450291944,874,addFileToRepoRequest_tere12345678,201,Created,GitLabJmeter 1-3,text,true,,1263,340,3,3,https://gitlab.com/api/v4/projects/53934540/repository/files/vikeeeeeeeeb.c,874,0,0
1705450291950,1023,createRepoRequest_teest12221212,201,Created,GitLabJmeter 1-1,text,true,,5866,275,3,3,https://gitlab.com/api/v4/projects,1023,0,0
1705450292767,833,addNewBranch_tere1234567,201,Created,GitLabJmeter 1-2,text,true,,2141,305,3,3,https://gitlab.com/api/v4/projects/53934539/repository/branches?branch=ttest&ref=main,833,0,0
1705450292818,912,addNewBranch_tere12345678,201,Created,GitLabJmeter 1-3,text,true,,2001,305,3,3,https://gitlab.com/api/v4/projects/53934540/repository/branches?branch=ttest&ref=main,912,0,0
1705450293602,279,deleteRepo_tere1234567,202,Accepted,GitLabJmeter 1-2,text,true,,1173,265,3,3,https://gitlab.com/api/v4/projects/53934539,279,0,0
1705450292974,952,addFileToRepoRequest_teest12221212,201,Created,GitLabJmeter 1-1,text,true,,1263,339,3,3,https://gitlab.com/api/v4/projects/53934541/repository/files/nuku.txt,952,0,32
1705450293731,273,deleteRepo_tere12345678,202,Accepted,GitLabJmeter 1-3,text,true,,1321,265,3,3,https://gitlab.com/api/v4/projects/53934540,273,0,0
1705450294005,333,createRepoRequest_tere1234,400,Bad Request,GitLabJmeter 1-3,text,false,,1284,270,3,3,https://gitlab.com/api/v4/projects,333,0,0
1705450294340,223,addFileToRepoRequest_tere1234,404,Not Found,GitLabJmeter 1-3,text,false,,1183,334,3,3,https://gitlab.com/api/v4/projects/idNoFound/repository/files/rest.html,223,0,0
1705450293927,767,addNewBranch_teest12221212,201,Created,GitLabJmeter 1-1,text,true,,2145,305,3,3,https://gitlab.com/api/v4/projects/53934541/repository/branches?branch=ttest&ref=main,767,0,0
1705450293882,812,createRepoRequest_tere123,201,Created,GitLabJmeter 1-2,text,true,,5804,269,3,3,https://gitlab.com/api/v4/projects,812,0,0
1705450294564,278,addNewBranch_tere1234,404,Not Found,GitLabJmeter 1-3,text,false,,1183,306,3,3,https://gitlab.com/api/v4/projects/idNoFound/repository/branches?branch=ttest&ref=main,278,0,0
1705450294695,325,deleteRepo_teest12221212,202,Accepted,GitLabJmeter 1-1,text,true,,1315,265,3,3,https://gitlab.com/api/v4/projects/53934541,324,0,0
1705450294842,274,deleteRepo_tere1234,404,Not Found,GitLabJmeter 1-3,text,false,,1189,266,3,3,https://gitlab.com/api/v4/projects/idNoFound,274,0,0
1705450294695,1160,addFileToRepoRequest_tere123,201,Created,GitLabJmeter 1-2,text,true,,1402,349,3,3,https://gitlab.com/api/v4/projects/53934543/repository/files/test.py,1160,0,0
1705450295021,903,createRepoRequest_tere12345,201,Created,GitLabJmeter 1-1,text,true,,5970,271,3,3,https://gitlab.com/api/v4/projects,902,0,0
1705450295116,1419,createRepoRequest_tere123456,201,Created,GitLabJmeter 1-3,text,true,,5839,272,3,3,https://gitlab.com/api/v4/projects,1419,0,0
1705450295856,1054,addNewBranch_tere123,201,Created,GitLabJmeter 1-2,text,true,,1991,305,3,3,https://gitlab.com/api/v4/projects/53934543/repository/branches?branch=ttest&ref=main,1054,0,0
1705450295925,1158,addFileToRepoRequest_tere12345,201,Created,GitLabJmeter 1-1,text,true,,1406,338,3,3,https://gitlab.com/api/v4/projects/53934544/repository/files/hikolos.txt,1158,0,0
1705450296911,249,deleteRepo_tere123,202,Accepted,GitLabJmeter 1-2,text,true,,1173,265,3,3,https://gitlab.com/api/v4/projects/53934543,249,0,0
1705450296536,973,addFileToRepoRequest_tere123456,201,Created,GitLabJmeter 1-3,text,true,,1405,334,3,3,https://gitlab.com/api/v4/projects/53934545/repository/files/bike.bat,973,0,0
1705450297084,703,addNewBranch_tere12345,201,Created,GitLabJmeter 1-1,text,true,,2137,305,3,3,https://gitlab.com/api/v4/projects/53934544/repository/branches?branch=ttest&ref=main,702,0,0
1705450297510,666,addNewBranch_tere123456,201,Created,GitLabJmeter 1-3,text,true,,1993,305,3,3,https://gitlab.com/api/v4/projects/53934545/repository/branches?branch=ttest&ref=main,666,0,0
1705450297787,404,deleteRepo_tere12345,202,Accepted,GitLabJmeter 1-1,text,true,,1175,265,3,3,https://gitlab.com/api/v4/projects/53934544,404,0,0
1705450297161,1086,createRepoRequest_tere1234567,201,Created,GitLabJmeter 1-2,text,true,,5848,273,3,3,https://gitlab.com/api/v4/projects,1085,0,0
1705450298178,301,deleteRepo_tere123456,202,Accepted,GitLabJmeter 1-3,text,true,,1177,265,3,3,https://gitlab.com/api/v4/projects/53934545,301,0,0
1705450298479,345,createRepoRequest_tere123456,400,Bad Request,GitLabJmeter 1-3,text,false,,1289,272,3,3,https://gitlab.com/api/v4/projects,345,0,0
1705450298825,180,addFileToRepoRequest_tere123456,404,Not Found,GitLabJmeter 1-3,text,false,,1185,335,3,3,https://gitlab.com/api/v4/projects/idNoFound/repository/files/bi.bat,180,0,0
1705450298248,825,addFileToRepoRequest_tere1234567,201,Created,GitLabJmeter 1-2,text,true,,1258,333,3,3,https://gitlab.com/api/v4/projects/53934547/repository/files/vikeb.c,825,0,0
1705450298192,986,createRepoRequest_tere12345678,201,Created,GitLabJmeter 1-1,text,true,,5849,274,3,3,https://gitlab.com/api/v4/projects,986,0,0
1705450299006,230,addNewBranch_tere123456,404,Not Found,GitLabJmeter 1-3,text,false,,1183,306,3,3,https://gitlab.com/api/v4/projects/idNoFound/repository/branches?branch=ttest&ref=main,230,0,0
1705450299237,186,deleteRepo_tere123456,404,Not Found,GitLabJmeter 1-3,text,false,,1325,266,3,3,https://gitlab.com/api/v4/projects/idNoFound,186,0,0
1705450299179,848,addFileToRepoRequest_tere12345678,201,Created,GitLabJmeter 1-1,text,true,,1269,340,3,3,https://gitlab.com/api/v4/projects/53934548/repository/files/vikeeeeeeeeb.c,848,0,0
1705450299354,801,addNewBranch_tere1234567,201,Created,GitLabJmeter 1-2,text,true,,1990,305,3,3,https://gitlab.com/api/v4/projects/53934547/repository/branches?branch=ttest&ref=main,801,0,0
1705450299541,774,createRepoRequest_teest12221212,201,Created,GitLabJmeter 1-3,text,true,,5864,275,3,3,https://gitlab.com/api/v4/projects,773,0,0
1705450300028,700,addNewBranch_tere12345678,201,Created,GitLabJmeter 1-1,text,true,,2001,305,3,3,https://gitlab.com/api/v4/projects/53934548/repository/branches?branch=ttest&ref=main,700,0,0
1705450300155,682,deleteRepo_tere1234567,202,Accepted,GitLabJmeter 1-2,text,true,,1181,265,3,3,https://gitlab.com/api/v4/projects/53934547,682,0,0
1705450300729,293,deleteRepo_tere12345678,202,Accepted,GitLabJmeter 1-1,text,true,,1175,265,3,3,https://gitlab.com/api/v4/projects/53934548,293,0,0
1705450300316,786,addFileToRepoRequest_teest12221212,201,Created,GitLabJmeter 1-3,text,true,,1399,339,3,3,https://gitlab.com/api/v4/projects/53934549/repository/files/nuku.txt,786,0,0
1705450301023,522,createRepoRequest_tere1234,400,Bad Request,GitLabJmeter 1-1,text,false,,1434,270,3,3,https://gitlab.com/api/v4/projects,522,0,0
1705450301547,196,addFileToRepoRequest_tere1234,404,Not Found,GitLabJmeter 1-1,text,false,,1335,334,3,3,https://gitlab.com/api/v4/projects/idNoFound/repository/files/rest.html,196,0,0
1705450300838,1136,createRepoRequest_tere123,201,Created,GitLabJmeter 1-2,text,true,,5812,269,3,3,https://gitlab.com/api/v4/projects,1136,0,0
1705450301744,278,addNewBranch_tere1234,404,Not Found,GitLabJmeter 1-1,text,false,,1181,306,3,3,https://gitlab.com/api/v4/projects/idNoFound/repository/branches?branch=ttest&ref=main,278,0,0
1705450301228,843,addNewBranch_teest12221212,201,Created,GitLabJmeter 1-3,text,true,,2143,305,3,3,https://gitlab.com/api/v4/projects/53934549/repository/branches?branch=ttest&ref=main,843,0,0
1705450302023,197,deleteRepo_tere1234,404,Not Found,GitLabJmeter 1-1,text,false,,1329,266,3,3,https://gitlab.com/api/v4/projects/idNoFound,197,0,0
1705450302195,316,deleteRepo_teest12221212,202,Accepted,GitLabJmeter 1-3,text,true,,1319,265,3,3,https://gitlab.com/api/v4/projects/53934549,315,0,0
1705450302343,846,createRepoRequest_tere12345,201,Created,GitLabJmeter 1-1,text,true,,5824,271,3,3,https://gitlab.com/api/v4/projects,846,0,0
1705450302511,746,createRepoRequest_tere123456,201,Created,GitLabJmeter 1-3,text,true,,5837,272,3,3,https://gitlab.com/api/v4/projects,746,0,0
1705450301976,1398,addFileToRepoRequest_tere123,201,Created,GitLabJmeter 1-2,text,true,,1252,349,3,3,https://gitlab.com/api/v4/projects/53934550/repository/files/test.py,1398,0,0
1705450303190,846,addFileToRepoRequest_tere12345,201,Created,GitLabJmeter 1-1,text,true,,1400,338,3,3,https://gitlab.com/api/v4/projects/53934552/repository/files/hikolos.txt,846,0,0
1705450303375,783,addNewBranch_tere123,201,Created,GitLabJmeter 1-2,text,true,,1989,305,3,3,https://gitlab.com/api/v4/projects/53934550/repository/branches?branch=ttest&ref=main,783,0,0
1705450303258,996,addFileToRepoRequest_tere123456,201,Created,GitLabJmeter 1-3,text,true,,1403,334,3,3,https://gitlab.com/api/v4/projects/53934553/repository/files/bike.bat,996,0,0
1705450304158,259,deleteRepo_tere123,202,Accepted,GitLabJmeter 1-2,text,true,,1171,265,3,3,https://gitlab.com/api/v4/projects/53934550,259,0,0
1705450304037,785,addNewBranch_tere12345,201,Created,GitLabJmeter 1-1,text,true,,1993,305,3,3,https://gitlab.com/api/v4/projects/53934552/repository/branches?branch=ttest&ref=main,785,0,0
1705450304382,638,addNewBranch_tere123456,201,Created,GitLabJmeter 1-3,text,true,,2143,305,3,3,https://gitlab.com/api/v4/projects/53934553/repository/branches?branch=ttest&ref=main,638,0,0
1705450304822,261,deleteRepo_tere12345,202,Accepted,GitLabJmeter 1-1,text,true,,1327,265,3,3,https://gitlab.com/api/v4/projects/53934552,261,0,0
1705450304418,875,createRepoRequest_tere1234567,201,Created,GitLabJmeter 1-2,text,true,,5990,273,3,3,https://gitlab.com/api/v4/projects,874,0,0
1705450305021,283,deleteRepo_tere123456,202,Accepted,GitLabJmeter 1-3,text,true,,1319,265,3,3,https://gitlab.com/api/v4/projects/53934553,283,0,0
1705450305441,341,createRepoRequest_tere123456,400,Bad Request,GitLabJmeter 1-3,text,false,,1439,272,3,3,https://gitlab.com/api/v4/projects,341,0,0
1705450305294,704,addFileToRepoRequest_tere1234567,201,Created,GitLabJmeter 1-2,text,true,,1254,333,3,3,https://gitlab.com/api/v4/projects/53934554/repository/files/vikeb.c,704,0,0
1705450305220,785,createRepoRequest_tere12345678,201,Created,GitLabJmeter 1-1,text,true,,5855,274,3,3,https://gitlab.com/api/v4/projects,785,0,0
1705450305783,315,addFileToRepoRequest_tere123456,404,Not Found,GitLabJmeter 1-3,text,false,,1189,335,3,3,https://gitlab.com/api/v4/projects/idNoFound/repository/files/bi.bat,315,0,0
1705450306099,213,addNewBranch_tere123456,404,Not Found,GitLabJmeter 1-3,text,false,,1335,306,3,3,https://gitlab.com/api/v4/projects/idNoFound/repository/branches?branch=ttest&ref=main,213,0,0
1705450306311,223,deleteRepo_tere123456,404,Not Found,GitLabJmeter 1-3,text,false,,1329,266,3,3,https://gitlab.com/api/v4/projects/idNoFound,223,0,0
1705450306006,766,addFileToRepoRequest_tere12345678,201,Created,GitLabJmeter 1-1,text,true,,1407,340,3,3,https://gitlab.com/api/v4/projects/53934556/repository/files/vikeeeeeeeeb.c,766,0,0
1705450305999,920,addNewBranch_tere1234567,201,Created,GitLabJmeter 1-2,text,true,,1999,305,3,3,https://gitlab.com/api/v4/projects/53934554/repository/branches?branch=ttest&ref=main,920,0,0
1705450306919,267,deleteRepo_tere1234567,202,Accepted,GitLabJmeter 1-2,text,true,,1325,265,3,3,https://gitlab.com/api/v4/projects/53934554,267,0,0
1705450306535,855,createRepoRequest_teest12221212,201,Created,GitLabJmeter 1-3,text,true,,6014,275,3,3,https://gitlab.com/api/v4/projects,855,0,0
1705450306772,679,addNewBranch_tere12345678,201,Created,GitLabJmeter 1-1,text,true,,2143,305,3,3,https://gitlab.com/api/v4/projects/53934556/repository/branches?branch=ttest&ref=main,679,0,0
1705450307452,259,deleteRepo_tere12345678,202,Accepted,GitLabJmeter 1-1,text,true,,1169,265,3,3,https://gitlab.com/api/v4/projects/53934556,259,0,0
1705450307188,745,createRepoRequest_tere123,201,Created,GitLabJmeter 1-2,text,true,,5954,269,3,3,https://gitlab.com/api/v4/projects,745,0,0
1705450307712,298,createRepoRequest_tere1234,400,Bad Request,GitLabJmeter 1-1,text,false,,1280,270,3,3,https://gitlab.com/api/v4/projects,298,0,0
1705450307391,922,addFileToRepoRequest_teest12221212,201,Created,GitLabJmeter 1-3,text,true,,1255,339,3,3,https://gitlab.com/api/v4/projects/53934557/repository/files/nuku.txt,922,0,0
1705450308011,316,addFileToRepoRequest_tere1234,404,Not Found,GitLabJmeter 1-1,text,false,,1185,334,3,3,https://gitlab.com/api/v4/projects/idNoFound/repository/files/rest.html,316,0,0
1705450308328,317,addNewBranch_tere1234,404,Not Found,GitLabJmeter 1-1,text,false,,1187,306,3,3,https://gitlab.com/api/v4/projects/idNoFound/repository/branches?branch=ttest&ref=main,316,0,0
1705450307934,814,addFileToRepoRequest_tere123,201,Created,GitLabJmeter 1-2,text,true,,1404,349,3,3,https://gitlab.com/api/v4/projects/53934560/repository/files/test.py,813,0,0
1705450308645,238,deleteRepo_tere1234,404,Not Found,GitLabJmeter 1-1,text,false,,1331,266,3,3,https://gitlab.com/api/v4/projects/idNoFound,238,0,0
1705450308314,903,addNewBranch_teest12221212,201,Created,GitLabJmeter 1-3,text,true,,2005,305,3,3,https://gitlab.com/api/v4/projects/53934557/repository/branches?branch=ttest&ref=main,903,0,0
1705450309219,269,deleteRepo_teest12221212,202,Accepted,GitLabJmeter 1-3,text,true,,1321,265,3,3,https://gitlab.com/api/v4/projects/53934557,269,0,0
1705450308884,739,createRepoRequest_tere12345,201,Created,GitLabJmeter 1-1,text,true,,5980,271,3,3,https://gitlab.com/api/v4/projects,739,0,0
1705450309488,340,createRepoRequest_tere123456,400,Bad Request,GitLabJmeter 1-3,text,false,,1291,272,3,3,https://gitlab.com/api/v4/projects,340,0,0
1705450308748,1199,addNewBranch_tere123,201,Created,GitLabJmeter 1-2,text,true,,2137,305,3,3,https://gitlab.com/api/v4/projects/53934560/repository/branches?branch=ttest&ref=main,1199,0,0
1705450309829,219,addFileToRepoRequest_tere123456,404,Not Found,GitLabJmeter 1-3,text,false,,1181,335,3,3,https://gitlab.com/api/v4/projects/idNoFound/repository/files/bike.bat,219,0,0
1705450309948,261,deleteRepo_tere123,202,Accepted,GitLabJmeter 1-2,text,true,,1177,265,3,3,https://gitlab.com/api/v4/projects/53934560,261,0,0
1705450310049,209,addNewBranch_tere123456,404,Not Found,GitLabJmeter 1-3,text,false,,1181,306,3,3,https://gitlab.com/api/v4/projects/idNoFound/repository/branches?branch=ttest&ref=main,209,0,0
1705450309624,814,addFileToRepoRequest_tere12345,201,Created,GitLabJmeter 1-1,text,true,,1259,338,3,3,https://gitlab.com/api/v4/projects/53934562/repository/files/hikolos.txt,814,0,0
1705450310210,339,createRepoRequest_tere1234567,400,Bad Request,GitLabJmeter 1-2,text,false,,1289,273,3,3,https://gitlab.com/api/v4/projects,339,0,0
1705450310693,208,addFileToRepoRequest_tere1234567,404,Not Found,GitLabJmeter 1-2,text,false,,1176,334,3,3,https://gitlab.com/api/v4/projects/idNoFound/repository/files/vikeb.c,208,0,0
1705450310902,200,addNewBranch_tere1234567,404,Not Found,GitLabJmeter 1-2,text,false,,1181,306,3,3,https://gitlab.com/api/v4/projects/idNoFound/repository/branches?branch=ttest&ref=main,200,0,0
1705450310438,732,addNewBranch_tere12345,201,Created,GitLabJmeter 1-1,text,true,,1995,305,3,3,https://gitlab.com/api/v4/projects/53934562/repository/branches?branch=ttest&ref=main,732,0,0
1705450310402,825,deleteRepo_tere123456,404,Not Found,GitLabJmeter 1-3,text,false,,1185,266,3,3,https://gitlab.com/api/v4/projects/idNoFound,825,0,0
1705450311103,176,deleteRepo_tere1234567,404,Not Found,GitLabJmeter 1-2,text,false,,1327,266,3,3,https://gitlab.com/api/v4/projects/idNoFound,176,0,0
1705450311171,267,deleteRepo_tere12345,202,Accepted,GitLabJmeter 1-1,text,true,,1173,265,3,3,https://gitlab.com/api/v4/projects/53934562,267,0,0
1705450311586,288,createRepoRequest_tere123456,400,Bad Request,GitLabJmeter 1-2,text,false,,1291,272,3,3,https://gitlab.com/api/v4/projects,288,0,0
1705450311375,724,createRepoRequest_tere12345678,201,Created,GitLabJmeter 1-3,text,true,,5853,274,3,3,https://gitlab.com/api/v4/projects,724,0,0
1705450311875,226,addFileToRepoRequest_tere123456,404,Not Found,GitLabJmeter 1-2,text,false,,1183,335,3,3,https://gitlab.com/api/v4/projects/idNoFound/repository/files/bi.bat,226,0,0
1705450311439,771,createRepoRequest_teest12221212,201,Created,GitLabJmeter 1-1,text,true,,6008,275,3,3,https://gitlab.com/api/v4/projects,771,0,0
1705450312360,212,addNewBranch_tere123456,404,Not Found,GitLabJmeter 1-2,text,false,,1187,306,3,3,https://gitlab.com/api/v4/projects/idNoFound/repository/branches?branch=ttest&ref=main,212,0,0
1705450312573,183,deleteRepo_tere123456,404,Not Found,GitLabJmeter 1-2,text,false,,1333,266,3,3,https://gitlab.com/api/v4/projects/idNoFound,183,0,0
1705450312101,846,addFileToRepoRequest_tere12345678,201,Created,GitLabJmeter 1-3,text,true,,1261,340,3,3,https://gitlab.com/api/v4/projects/53934563/repository/files/vikeeeeeeeeb.c,846,0,0
1705450312211,751,addFileToRepoRequest_teest12221212,201,Created,GitLabJmeter 1-1,text,true,,1405,339,3,3,https://gitlab.com/api/v4/projects/53934564/repository/files/nuku.txt,751,0,0
1705450312758,807,createRepoRequest_tere123,201,Created,GitLabJmeter 1-2,text,true,,5810,269,3,3,https://gitlab.com/api/v4/projects,807,0,0
1705450312948,722,addNewBranch_tere12345678,201,Created,GitLabJmeter 1-3,text,true,,2145,305,3,3,https://gitlab.com/api/v4/projects/53934563/repository/branches?branch=ttest&ref=main,722,0,0
1705450312962,778,addNewBranch_teest12221212,201,Created,GitLabJmeter 1-1,text,true,,2139,305,3,3,https://gitlab.com/api/v4/projects/53934564/repository/branches?branch=ttest&ref=main,778,0,0
1705450313670,259,deleteRepo_tere12345678,202,Accepted,GitLabJmeter 1-3,text,true,,1321,265,3,3,https://gitlab.com/api/v4/projects/53934563,259,0,0
1705450313740,245,deleteRepo_teest12221212,202,Accepted,GitLabJmeter 1-1,text,true,,1313,265,3,3,https://gitlab.com/api/v4/projects/53934564,245,0,0
1705450313930,314,createRepoRequest_tere1234,400,Bad Request,GitLabJmeter 1-3,text,false,,1436,270,3,3,https://gitlab.com/api/v4/projects,314,0,0
1705450313566,896,addFileToRepoRequest_tere123,201,Created,GitLabJmeter 1-2,text,true,,1400,349,3,3,https://gitlab.com/api/v4/projects/53934565/repository/files/test.py,896,0,0
1705450314245,217,addFileToRepoRequest_tere1234,404,Not Found,GitLabJmeter 1-3,text,false,,1187,334,3,3,https://gitlab.com/api/v4/projects/idNoFound/repository/files/rest.html,217,0,0
1705450314463,198,addNewBranch_tere1234,404,Not Found,GitLabJmeter 1-3,text,false,,1181,306,3,3,https://gitlab.com/api/v4/projects/idNoFound/repository/branches?branch=ttest&ref=main,198,0,0
1705450314662,203,deleteRepo_tere1234,404,Not Found,GitLabJmeter 1-3,text,false,,1179,266,3,3,https://gitlab.com/api/v4/projects/idNoFound,203,0,0
1705450313985,1094,createRepoRequest_tere12345,201,Created,GitLabJmeter 1-1,text,true,,5982,271,3,3,https://gitlab.com/api/v4/projects,1094,0,0
1705450314866,401,createRepoRequest_tere123456,400,Bad Request,GitLabJmeter 1-3,text,false,,1285,272,3,3,https://gitlab.com/api/v4/projects,401,0,0
1705450315268,204,addFileToRepoRequest_tere123456,404,Not Found,GitLabJmeter 1-3,text,false,,1183,335,3,3,https://gitlab.com/api/v4/projects/idNoFound/repository/files/bike.bat,204,0,0
1705450314463,1053,addNewBranch_tere123,201,Created,GitLabJmeter 1-2,text,true,,2131,305,3,3,https://gitlab.com/api/v4/projects/53934565/repository/branches?branch=ttest&ref=main,1053,0,0
1705450315472,224,addNewBranch_tere123456,404,Not Found,GitLabJmeter 1-3,text,false,,1185,306,3,3,https://gitlab.com/api/v4/projects/idNoFound/repository/branches?branch=ttest&ref=main,223,0,0
1705450315517,326,deleteRepo_tere123,202,Accepted,GitLabJmeter 1-2,text,true,,1169,265,3,3,https://gitlab.com/api/v4/projects/53934565,326,0,0
1705450315696,260,deleteRepo_tere123456,404,Not Found,GitLabJmeter 1-3,text,false,,1183,266,3,3,https://gitlab.com/api/v4/projects/idNoFound,260,0,0
1705450315080,876,addFileToRepoRequest_tere12345,201,Created,GitLabJmeter 1-1,text,true,,1410,338,3,3,https://gitlab.com/api/v4/projects/53934566/repository/files/hikolos.txt,876,0,0
1705450315844,878,createRepoRequest_tere1234567,201,Created,GitLabJmeter 1-2,text,true,,5850,273,3,3,https://gitlab.com/api/v4/projects,877,0,0
1705450316119,784,addNewBranch_tere12345,201,Created,GitLabJmeter 1-1,text,true,,1995,305,3,3,https://gitlab.com/api/v4/projects/53934566/repository/branches?branch=ttest&ref=main,784,0,0
1705450316903,322,deleteRepo_tere12345,202,Accepted,GitLabJmeter 1-1,text,true,,1169,265,3,3,https://gitlab.com/api/v4/projects/53934566,322,0,0
1705450316284,1092,createRepoRequest_tere12345678,201,Created,GitLabJmeter 1-3,text,true,,5995,274,3,3,https://gitlab.com/api/v4/projects,1092,0,0
1705450316722,711,addFileToRepoRequest_tere1234567,201,Created,GitLabJmeter 1-2,text,true,,1402,333,3,3,https://gitlab.com/api/v4/projects/53934567/repository/files/vikeb.c,711,0,0
1705450317226,297,createRepoRequest_tere123456,400,Bad Request,GitLabJmeter 1-1,text,false,,1439,272,3,3,https://gitlab.com/api/v4/projects,297,0,0
1705450317524,197,addFileToRepoRequest_tere123456,404,Not Found,GitLabJmeter 1-1,text,false,,1185,335,3,3,https://gitlab.com/api/v4/projects/idNoFound/repository/files/bi.bat,197,0,0
1705450317722,202,addNewBranch_tere123456,404,Not Found,GitLabJmeter 1-1,text,false,,1185,306,3,3,https://gitlab.com/api/v4/projects/idNoFound/repository/branches?branch=ttest&ref=main,202,0,0
1705450317925,211,deleteRepo_tere123456,404,Not Found,GitLabJmeter 1-1,text,false,,1189,266,3,3,https://gitlab.com/api/v4/projects/idNoFound,210,0,0
1705450317377,766,addFileToRepoRequest_tere12345678,201,Created,GitLabJmeter 1-3,text,true,,1417,340,3,3,https://gitlab.com/api/v4/projects/53934568/repository/files/vikeeeeeeeeb.c,766,0,0
1705450317434,723,addNewBranch_tere1234567,201,Created,GitLabJmeter 1-2,text,true,,1993,305,3,3,https://gitlab.com/api/v4/projects/53934567/repository/branches?branch=ttest&ref=main,723,0,0
1705450318491,272,deleteRepo_tere1234567,202,Accepted,GitLabJmeter 1-2,text,true,,1171,265,3,3,https://gitlab.com/api/v4/projects/53934567,272,0,0
1705450318318,596,addNewBranch_tere12345678,201,Created,GitLabJmeter 1-3,text,true,,2141,305,3,3,https://gitlab.com/api/v4/projects/53934568/repository/branches?branch=ttest&ref=main,596,0,0
1705450318915,246,deleteRepo_tere12345678,202,Accepted,GitLabJmeter 1-3,text,true,,1169,265,3,3,https://gitlab.com/api/v4/projects/53934568,245,0,0
1705450319162,306,createRepoRequest_tere1234,400,Bad Request,GitLabJmeter 1-3,text,false,,1284,270,3,3,https://gitlab.com/api/v4/projects,306,0,0
1705450318137,1332,createRepoRequest_teest12221212,201,Created,GitLabJmeter 1-1,text,true,,6014,275,3,3,https://gitlab.com/api/v4/projects,1332,0,0
1705450318764,822,createRepoRequest_tere123,201,Created,GitLabJmeter 1-2,text,true,,5806,269,3,3,https://gitlab.com/api/v4/projects,822,0,0
1705450319469,215,addFileToRepoRequest_tere1234,404,Not Found,GitLabJmeter 1-3,text,false,,1335,334,3,3,https://gitlab.com/api/v4/projects/idNoFound/repository/files/rest.html,215,0,0
1705450319863,199,addNewBranch_tere1234,404,Not Found,GitLabJmeter 1-3,text,false,,1185,306,3,3,https://gitlab.com/api/v4/projects/idNoFound/repository/branches?branch=ttest&ref=main,199,0,0
1705450320065,190,deleteRepo_tere1234,404,Not Found,GitLabJmeter 1-3,text,false,,1181,266,3,3,https://gitlab.com/api/v4/projects/idNoFound,190,0,0
1705450319470,819,addFileToRepoRequest_teest12221212,201,Created,GitLabJmeter 1-1,text,true,,1253,339,3,3,https://gitlab.com/api/v4/projects/53934569/repository/files/nuku.txt,819,0,0
1705450319587,913,addFileToRepoRequest_tere123,201,Created,GitLabJmeter 1-2,text,true,,1256,349,3,3,https://gitlab.com/api/v4/projects/53934570/repository/files/test.py,913,0,0
1705450320473,684,addNewBranch_teest12221212,201,Created,GitLabJmeter 1-1,text,true,,1999,305,3,3,https://gitlab.com/api/v4/projects/53934569/repository/branches?branch=ttest&ref=main,684,0,0
1705450320684,716,addNewBranch_tere123,201,Created,GitLabJmeter 1-2,text,true,,1983,305,3,3,https://gitlab.com/api/v4/projects/53934570/repository/branches?branch=ttest&ref=main,716,0,0
1705450320256,1144,createRepoRequest_tere12345,201,Created,GitLabJmeter 1-3,text,true,,5970,271,3,3,https://gitlab.com/api/v4/projects,1144,0,0
1705450321401,274,deleteRepo_tere123,202,Accepted,GitLabJmeter 1-2,text,true,,1323,265,3,3,https://gitlab.com/api/v4/projects/53934570,274,0,0
1705450321158,666,deleteRepo_teest12221212,202,Accepted,GitLabJmeter 1-1,text,true,,1325,265,3,3,https://gitlab.com/api/v4/projects/53934569,666,0,0
1705450321825,277,createRepoRequest_tere1234567,400,Bad Request,GitLabJmeter 1-1,text,false,,1287,273,3,3,https://gitlab.com/api/v4/projects,277,0,0
1705450322103,221,addFileToRepoRequest_tere1234567,404,Not Found,GitLabJmeter 1-1,text,false,,1189,334,3,3,https://gitlab.com/api/v4/projects/idNoFound/repository/files/vikeb.c,221,0,0
1705450321401,995,addFileToRepoRequest_tere12345,201,Created,GitLabJmeter 1-3,text,true,,1406,338,3,3,https://gitlab.com/api/v4/projects/53934571/repository/files/hikolos.txt,995,0,0
1705450321676,861,createRepoRequest_tere123456,201,Created,GitLabJmeter 1-2,text,true,,5845,272,3,3,https://gitlab.com/api/v4/projects,861,0,0
1705450322325,270,addNewBranch_tere1234567,404,Not Found,GitLabJmeter 1-1,text,false,,1331,306,3,3,https://gitlab.com/api/v4/projects/idNoFound/repository/branches?branch=ttest&ref=main,270,0,0
1705450322596,271,deleteRepo_tere1234567,404,Not Found,GitLabJmeter 1-1,text,false,,1327,266,3,3,https://gitlab.com/api/v4/projects/idNoFound,271,0,0
1705450322397,848,addNewBranch_tere12345,201,Created,GitLabJmeter 1-3,text,true,,1989,305,3,3,https://gitlab.com/api/v4/projects/53934571/repository/branches?branch=ttest&ref=main,848,0,0
1705450323246,268,deleteRepo_tere12345,202,Accepted,GitLabJmeter 1-3,text,true,,1171,265,3,3,https://gitlab.com/api/v4/projects/53934571,268,0,0
1705450322790,809,addFileToRepoRequest_tere123456,201,Created,GitLabJmeter 1-2,text,true,,1255,334,3,3,https://gitlab.com/api/v4/projects/53934572/repository/files/bike.bat,809,0,0
1705450323062,904,createRepoRequest_tere12345678,201,Created,GitLabJmeter 1-1,text,true,,6001,274,3,3,https://gitlab.com/api/v4/projects,904,0,0
1705450323515,881,createRepoRequest_tere123456,400,Bad Request,GitLabJmeter 1-3,text,false,,1434,272,3,3,https://gitlab.com/api/v4/projects,881,0,0
1705450323600,868,addNewBranch_tere123456,201,Created,GitLabJmeter 1-2,text,true,,2153,305,3,3,https://gitlab.com/api/v4/projects/53934572/repository/branches?branch=ttest&ref=main,868,0,0
1705450324397,209,addFileToRepoRequest_tere123456,404,Not Found,GitLabJmeter 1-3,text,false,,1181,335,3,3,https://gitlab.com/api/v4/projects/idNoFound/repository/files/bi.bat,209,0,0
1705450323967,726,addFileToRepoRequest_tere12345678,201,Created,GitLabJmeter 1-1,text,true,,1261,340,3,3,https://gitlab.com/api/v4/projects/53934573/repository/files/vikeeeeeeeeb.c,726,0,0
1705450324469,233,deleteRepo_tere123456,202,Accepted,GitLabJmeter 1-2,text,true,,1325,265,3,3,https://gitlab.com/api/v4/projects/53934572,233,0,0
1705450324607,248,addNewBranch_tere123456,404,Not Found,GitLabJmeter 1-3,text,false,,1333,306,3,3,https://gitlab.com/api/v4/projects/idNoFound/repository/branches?branch=ttest&ref=main,248,0,0
1705450324856,202,deleteRepo_tere123456,404,Not Found,GitLabJmeter 1-3,text,false,,1183,266,3,3,https://gitlab.com/api/v4/projects/idNoFound,202,0,0
1705450325059,286,createRepoRequest_tere123,400,Bad Request,GitLabJmeter 1-3,text,false,,1435,269,3,3,https://gitlab.com/api/v4/projects,286,0,0
1705450324694,793,addNewBranch_tere12345678,201,Created,GitLabJmeter 1-1,text,true,,2143,305,3,3,https://gitlab.com/api/v4/projects/53934573/repository/branches?branch=ttest&ref=main,793,0,0
1705450325699,213,addFileToRepoRequest_tere123,404,Not Found,GitLabJmeter 1-3,text,false,,1333,350,3,3,https://gitlab.com/api/v4/projects/idNoFound/repository/files/test.py,213,0,0
1705450325912,184,addNewBranch_tere123,404,Not Found,GitLabJmeter 1-3,text,false,,1183,306,3,3,https://gitlab.com/api/v4/projects/idNoFound/repository/branches?branch=ttest&ref=main,184,0,0
1705450325487,685,deleteRepo_tere12345678,202,Accepted,GitLabJmeter 1-1,text,true,,1171,265,3,3,https://gitlab.com/api/v4/projects/53934573,685,0,0
1705450326096,230,deleteRepo_tere123,404,Not Found,GitLabJmeter 1-3,text,false,,1185,266,3,3,https://gitlab.com/api/v4/projects/idNoFound,230,0,0
1705450325272,1754,createRepoRequest_teest12221212,201,Created,GitLabJmeter 1-2,text,true,,6008,275,3,3,https://gitlab.com/api/v4/projects,1754,0,0
1705450326327,711,createRepoRequest_tere12345,201,Created,GitLabJmeter 1-3,text,true,,5832,271,3,3,https://gitlab.com/api/v4/projects,711,0,0
1705450326546,502,createRepoRequest_tere1234,400,Bad Request,GitLabJmeter 1-1,text,false,,1290,270,3,3,https://gitlab.com/api/v4/projects,502,0,0
1705450327028,771,addFileToRepoRequest_teest12221212,201,Created,GitLabJmeter 1-2,text,true,,1257,339,3,3,https://gitlab.com/api/v4/projects/53934574/repository/files/nuku.txt,771,0,0
1705450327490,385,addFileToRepoRequest_tere1234,404,Not Found,GitLabJmeter 1-1,text,false,,1189,334,3,3,https://gitlab.com/api/v4/projects/idNoFound/repository/files/rest.html,385,0,0
1705450327265,758,addFileToRepoRequest_tere12345,201,Created,GitLabJmeter 1-3,text,true,,1264,338,3,3,https://gitlab.com/api/v4/projects/53934576/repository/files/hikolos.txt,758,0,0
1705450328257,281,addNewBranch_tere1234,404,Not Found,GitLabJmeter 1-1,text,false,,1329,306,3,3,https://gitlab.com/api/v4/projects/idNoFound/repository/branches?branch=ttest&ref=main,281,0,0
1705450327799,779,addNewBranch_teest12221212,201,Created,GitLabJmeter 1-2,text,true,,2143,305,3,3,https://gitlab.com/api/v4/projects/53934574/repository/branches?branch=ttest&ref=main,779,0,0
1705450328539,261,deleteRepo_tere1234,404,Not Found,GitLabJmeter 1-1,text,false,,1329,266,3,3,https://gitlab.com/api/v4/projects/idNoFound,261,0,0
1705450328024,842,addNewBranch_tere12345,201,Created,GitLabJmeter 1-3,text,true,,2139,305,3,3,https://gitlab.com/api/v4/projects/53934576/repository/branches?branch=ttest&ref=main,842,0,0
1705450329034,258,deleteRepo_teest12221212,202,Accepted,GitLabJmeter 1-2,text,true,,1179,265,3,3,https://gitlab.com/api/v4/projects/53934574,258,0,0
1705450329276,362,deleteRepo_tere12345,202,Accepted,GitLabJmeter 1-3,text,true,,1177,265,3,3,https://gitlab.com/api/v4/projects/53934576,362,0,0
1705450328800,1103,createRepoRequest_tere123456,201,Created,GitLabJmeter 1-1,text,true,,5837,272,3,3,https://gitlab.com/api/v4/projects,1103,0,0
1705450329881,894,createRepoRequest_tere12345678,201,Created,GitLabJmeter 1-3,text,true,,5857,274,3,3,https://gitlab.com/api/v4/projects,894,0,0
1705450329534,1249,createRepoRequest_tere1234567,201,Created,GitLabJmeter 1-2,text,true,,5844,273,3,3,https://gitlab.com/api/v4/projects,1248,0,0
1705450330783,927,addFileToRepoRequest_tere1234567,201,Created,GitLabJmeter 1-2,text,true,,1252,333,3,3,https://gitlab.com/api/v4/projects/53934579/repository/files/vikeb.c,927,0,0
1705450330776,1491,addFileToRepoRequest_tere12345678,201,Created,GitLabJmeter 1-3,text,true,,1413,340,3,3,https://gitlab.com/api/v4/projects/53934580/repository/files/vikeeeeeeeeb.c,1491,0,0
1705450330146,2974,addFileToRepoRequest_tere123456,201,Created,GitLabJmeter 1-1,text,false,"The operation lasted too long: It took 2,974 milliseconds, but should not have lasted longer than 2,000 milliseconds.",1263,334,3,3,https://gitlab.com/api/v4/projects/53934578/repository/files/bike.bat,2974,0,0
1705450331711,1565,addNewBranch_tere1234567,201,Created,GitLabJmeter 1-2,text,true,,1999,305,3,3,https://gitlab.com/api/v4/projects/53934579/repository/branches?branch=ttest&ref=main,1565,0,0
1705450332268,1428,addNewBranch_tere12345678,201,Created,GitLabJmeter 1-3,text,true,,1997,305,3,3,https://gitlab.com/api/v4/projects/53934580/repository/branches?branch=ttest&ref=main,1428,0,0
1705450333121,764,addNewBranch_tere123456,201,Created,GitLabJmeter 1-1,text,true,,2141,305,3,3,https://gitlab.com/api/v4/projects/53934578/repository/branches?branch=ttest&ref=main,764,0,0
1705450333559,328,deleteRepo_tere1234567,202,Accepted,GitLabJmeter 1-2,text,true,,1175,265,3,3,https://gitlab.com/api/v4/projects/53934579,328,0,0
1705450333697,275,deleteRepo_tere12345678,202,Accepted,GitLabJmeter 1-3,text,true,,1179,265,3,3,https://gitlab.com/api/v4/projects/53934580,275,0,0
1705450334170,295,createRepoRequest_tere123456,400,Bad Request,GitLabJmeter 1-2,text,false,,1437,272,3,3,https://gitlab.com/api/v4/projects,295,0,0
1705450333886,653,deleteRepo_tere123456,202,Accepted,GitLabJmeter 1-1,text,true,,1181,265,3,3,https://gitlab.com/api/v4/projects/53934578,652,0,0
1705450334762,240,addFileToRepoRequest_tere123456,404,Not Found,GitLabJmeter 1-2,text,false,,1187,335,3,3,https://gitlab.com/api/v4/projects/idNoFound/repository/files/bi.bat,240,0,0
1705450335003,261,addNewBranch_tere123456,404,Not Found,GitLabJmeter 1-2,text,false,,1170,306,3,3,https://gitlab.com/api/v4/projects/idNoFound/repository/branches?branch=ttest&ref=main,261,0,0
1705450334465,857,createRepoRequest_teest12221212,201,Created,GitLabJmeter 1-3,text,true,,5859,275,3,3,https://gitlab.com/api/v4/projects,857,0,0
1705450335621,210,deleteRepo_tere123456,404,Not Found,GitLabJmeter 1-2,text,false,,1329,266,3,3,https://gitlab.com/api/v4/projects/idNoFound,210,0,0
1705450335312,875,createRepoRequest_tere123,201,Created,GitLabJmeter 1-1,text,true,,5814,269,3,3,https://gitlab.com/api/v4/projects,875,0,0
1705450335930,821,addFileToRepoRequest_teest12221212,201,Created,GitLabJmeter 1-3,text,true,,1257,339,3,3,https://gitlab.com/api/v4/projects/53934583/repository/files/nuku.txt,821,0,0
1705450336512,296,createRepoRequest_tere1234,400,Bad Request,GitLabJmeter 1-2,text,false,,1278,270,3,3,https://gitlab.com/api/v4/projects,296,0,0
1705450336188,824,addFileToRepoRequest_tere123,201,Created,GitLabJmeter 1-1,text,true,,1256,349,3,3,https://gitlab.com/api/v4/projects/53934585/repository/files/test.py,824,0,0
1705450337352,193,addFileToRepoRequest_tere1234,404,Not Found,GitLabJmeter 1-2,text,false,,1193,334,3,3,https://gitlab.com/api/v4/projects/idNoFound/repository/files/rest.html,193,0,0
1705450337012,699,addNewBranch_tere123,201,Created,GitLabJmeter 1-1,text,true,,1985,305,3,3,https://gitlab.com/api/v4/projects/53934585/repository/branches?branch=ttest&ref=main,699,0,0
1705450336751,960,addNewBranch_teest12221212,201,Created,GitLabJmeter 1-3,text,true,,1997,305,3,3,https://gitlab.com/api/v4/projects/53934583/repository/branches?branch=ttest&ref=main,960,0,0
1705450337712,272,deleteRepo_tere123,202,Accepted,GitLabJmeter 1-1,text,true,,1175,265,3,3,https://gitlab.com/api/v4/projects/53934585,272,0,0
1705450338391,319,deleteRepo_teest12221212,202,Accepted,GitLabJmeter 1-3,text,true,,1177,265,3,3,https://gitlab.com/api/v4/projects/53934583,319,0,0
1705450338749,228,addNewBranch_tere1234,404,Not Found,GitLabJmeter 1-2,text,false,,1189,306,3,3,https://gitlab.com/api/v4/projects/idNoFound/repository/branches?branch=ttest&ref=main,228,0,0
1705450338391,1151,createRepoRequest_tere12345,201,Created,GitLabJmeter 1-1,text,true,,5828,271,3,3,https://gitlab.com/api/v4/projects,1151,0,0
1705450339487,229,deleteRepo_tere1234,404,Not Found,GitLabJmeter 1-2,text,false,,1331,266,3,3,https://gitlab.com/api/v4/projects/idNoFound,229,0,0
1705450339922,884,addFileToRepoRequest_tere12345,201,Created,GitLabJmeter 1-1,text,true,,1258,338,3,3,https://gitlab.com/api/v4/projects/53934587/repository/files/hikolos.txt,884,0,0
1705450340301,796,createRepoRequest_tere1234567,201,Created,GitLabJmeter 1-2,text,true,,5840,273,3,3,https://gitlab.com/api/v4/projects,796,0,0
1705450340806,840,addNewBranch_tere12345,201,Created,GitLabJmeter 1-1,text,true,,2141,305,3,3,https://gitlab.com/api/v4/projects/53934587/repository/branches?branch=ttest&ref=main,840,0,0
1705450339108,2724,createRepoRequest_tere123456,201,Created,GitLabJmeter 1-3,text,false,"The operation lasted too long: It took 2,724 milliseconds, but should not have lasted longer than 2,000 milliseconds.",5833,272,3,3,https://gitlab.com/api/v4/projects,2724,0,0
1705450341646,365,deleteRepo_tere12345,202,Accepted,GitLabJmeter 1-1,text,true,,1169,265,3,3,https://gitlab.com/api/v4/projects/53934587,365,0,0
1705450341098,1130,addFileToRepoRequest_tere1234567,201,Created,GitLabJmeter 1-2,text,true,,1258,333,3,3,https://gitlab.com/api/v4/projects/53934589/repository/files/vikeb.c,1129,0,0
1705450342012,785,createRepoRequest_tere12345678,201,Created,GitLabJmeter 1-1,text,true,,5999,274,3,3,https://gitlab.com/api/v4/projects,785,0,0
1705450342468,975,addFileToRepoRequest_tere123456,201,Created,GitLabJmeter 1-3,text,true,,1405,334,3,3,https://gitlab.com/api/v4/projects/53934588/repository/files/bike.bat,975,0,0
1705450342924,1332,addNewBranch_tere1234567,201,Created,GitLabJmeter 1-2,text,true,,2143,305,3,3,https://gitlab.com/api/v4/projects/53934589/repository/branches?branch=ttest&ref=main,1332,0,0
1705450344257,243,deleteRepo_tere1234567,202,Accepted,GitLabJmeter 1-2,text,true,,1175,265,3,3,https://gitlab.com/api/v4/projects/53934589,243,0,0
1705450343379,1800,addFileToRepoRequest_tere12345678,201,Created,GitLabJmeter 1-1,text,true,,1265,340,3,3,https://gitlab.com/api/v4/projects/53934591/repository/files/vikeeeeeeeeb.c,1800,0,0
1705450343933,1278,addNewBranch_tere123456,201,Created,GitLabJmeter 1-3,text,true,,1988,305,3,3,https://gitlab.com/api/v4/projects/53934588/repository/branches?branch=ttest&ref=main,1278,0,0
1705450345029,389,createRepoRequest_tere123456,400,Bad Request,GitLabJmeter 1-2,text,false,,1286,272,3,3,https://gitlab.com/api/v4/projects,389,0,0
1705450346896,194,addFileToRepoRequest_tere123456,404,Not Found,GitLabJmeter 1-2,text,false,,1187,335,3,3,https://gitlab.com/api/v4/projects/idNoFound/repository/files/bi.bat,194,0,0
1705450346896,244,deleteRepo_tere123456,202,Accepted,GitLabJmeter 1-3,text,true,,1177,265,3,3,https://gitlab.com/api/v4/projects/53934588,244,0,0
1705450347091,247,addNewBranch_tere123456,404,Not Found,GitLabJmeter 1-2,text,false,,1183,306,3,3,https://gitlab.com/api/v4/projects/idNoFound/repository/branches?branch=ttest&ref=main,247,0,0
1705450345752,2092,addNewBranch_tere12345678,201,Created,GitLabJmeter 1-1,text,false,"The operation lasted too long: It took 2,092 milliseconds, but should not have lasted longer than 2,000 milliseconds.",1999,305,3,3,https://gitlab.com/api/v4/projects/53934591/repository/branches?branch=ttest&ref=main,2092,0,0
1705450347826,783,createRepoRequest_teest12221212,201,Created,GitLabJmeter 1-3,text,true,,5862,275,3,3,https://gitlab.com/api/v4/projects,783,0,0
1705450348520,320,deleteRepo_tere123456,404,Not Found,GitLabJmeter 1-2,text,false,,1183,266,3,3,https://gitlab.com/api/v4/projects/idNoFound,320,0,0
1705450348841,1336,createRepoRequest_tere123,201,Created,GitLabJmeter 1-2,text,true,,5806,269,3,3,https://gitlab.com/api/v4/projects,1336,0,0
1705450350150,777,addFileToRepoRequest_teest12221212,201,Created,GitLabJmeter 1-3,text,true,,1267,339,4,4,https://gitlab.com/api/v4/projects/53934595/repository/files/nuku.txt,777,0,0
